teks,label,skor
pandemik bayar gaji selesa kerja relaks fikir kerja henti kerja henti kerja pandemik benda henti kerja,Negatif,-1
gaji cepat,Netral,0
pilih salah harga level tutup bawa gerbong rombong manjur pakai,Negatif,-1
bangun pagi semangat pergi kerja tepu kerja rutin gain mati situ gaji timpal,Netral,0
alas jahat banget arah kerja visi jahat bungkus alas cari kerja hasil,Netral,0
lompat kerja mesti benda bagus sesuai gaji baca,Netral,0
kerja enak ajar tumbuh serve kerja pulang gaji pikir robot,Netral,0
ubah mentalitas malu telat kerja wajib acara kantor urus pribadi debat manusia salah,Negatif,-1
cowok umur kerja bumn kerja gaji pegawai pilih pindah kerja swasta gaji pegawai kontrak coba cpns terima kasih alas,Positif,1
tukar perkara sedia gaji rendah pasal jawat kembang resume sedia tukar,Netral,0
alas pindah kerja gaji bijak marah anak buah pulang tani rumah,Negatif,-1
pindah kerja jamin aman terima sesuai kerja lolos alam tinggal nyaman usaha enak,Netral,0
kerja suka duka beban kerja kolega gampang kabur kerikil permisif cari jahat salah ambil cuti salah,Negatif,-1
alas benci pindah pusat lingkung kerja jahat,Negatif,-1
kadang alas lucu pengin pindah kerja libur tanggal merah jaman kuliah kaya logis banget,Netral,0
kerja efek gaji tingkat suka usaha daya tawar orang langsung ganti bisnis gerak cepat alas kerja,Positif,1
alas orang pindah kerja gaji harga harga,Positif,1
usaha kaca lahir sedia ruang laktasi busui fleksibel busui perah jelek karyawan kecuali lembur,Positif,1
kembang karir hasil sesuai harap pindah faktur utama tahan pindah perut hati otak,Positif,1
lihat jakarta gaji minat pindah kerja kecuali alas,Positif,1
kerja efek gaji tingkat suka usaha daya tawar orang langsung ganti bisnis gerak cepat alas kerja,Positif,1
karyawan bohong lamar arti nyaman tahan usaha usaha evaluasi sistem manajemen lihat elegan,Positif,1
alas kakak kerja biar kerja biar cepat nikah biar kayak bawa pindah bareng biar hidup lepas jahat,Negatif,-1
dunia kerja orang henti kerja alas lelah pindah gaji henti kerja alas,Negatif,-1
alas pindah kerja motivasi rumah paksa laku jodoh gaji suka hidup sesuai nyaman gaji bonus,Positif,1
pindah kerja alas kerja pindah kerja gaji jakarta gaji,Negatif,-1
pengin pindah kerja alas jarak jarak kerja lumayan pengin pindah rumah gaji rendah dilema,Negatif,-1
tukar perkara sedia gaji rendah pasal jawat kembang resume sedia tukar,Netral,0
alas salah gaji kontribusi uang keluarga alas terima sang direktur peduli keluarga peduli usaha pergi,Positif,1
benci banget kantor marah akal bikin mental tahan jahat sesal banget alhamdulillah,Positif,1
nekad jahat teman kantor suportif kerja budak sistem kantor hancur hasil kesel uang kantor tolong,Negatif,-1
pindah turun gaji alas pindah kerja rekan kerja lingkung jahat banget bikin betah gaji turun lingkung alhamdulillah enak,Negatif,-1
curhat terima kerja bidang gaji gaji ambil terima jakarta alas pengin pindah gaji jenjang karir pengin alam,Netral,0
gaji alas pengin pindah kerja,Negatif,-1
alas mumpuni pindah kerja karier kontribusi kembang,Netral,0
teman manager pandemi tahan karyawan pikir karyawan rumah mending tutup gaji asih kerja,Positif,1
stres kerja situ fikir duit kalis jahat stres baca seronok kerja,Negatif,-1
tiada gaji urus beban kerja wang sehat rupa faktor henti,Negatif,-1
durasi kerja usaha pindah pindah alas tingkat gaji bidang,Negatif,-1
alas urgen tawar jahat kerja orang loyal terima usaha kutu loncat,Negatif,-1
alas klasik pindah kerja gaji miris kelar strata kompromi ilmu coba salah kali coba,Netral,0
kerja bayar juta begadang tidur come,Netral,0
sayang mental lingkung jahat over lembur bayar urus kantor agustus kerja januari tabung,Netral,0
harap coba kembang beda cari suasana tantang kerja alam luas,Netral,0
loyalitas hasil kerja sesuai tawar gaji bangun sulit kembang,Positif,1
kadang suka kesel omong duit kerja nyokap kena anak doang anak laki hamil kerja alas pengin pindah kota biar jahat hidup,Negatif,-1
cari gaji alas super valid pindah kerja,Negatif,-1
ramai henti kerja gaji harga kawan kerja jahat beban kerja repek kebaji kerja abai,Negatif,-1
kantor bikin gaji cepat strategi jangka buah utas perspektif usaha hadap,Positif,1
jahat pindah pindah kantor,Negatif,-1
nyata orang lingkung kerja jahat bayang parah cerita mbak nyata,Negatif,-1
kerja kantor lembur bayar pulang malam buah budaya haram hukum pulang pabrik pulang karyawan pulang ganti,Netral,0
lompat lompat relatif stabil cetak badai reda asik goreng gaji pindah kena,Negatif,-1
teman rsud jawa kerja jawa alas gaji sesuai beban kerja sulit dokter dikit perata dokter problem,Negatif,-1
barusan teman cerita usaha jepang jaman kali pindah kerja alas loyal kutu loncat problem,Negatif,-1
alas pengin pindah kerja kasih orang suruh orang kerja selesai masuk gaji,Negatif,-1
ramai henti kerja gaji harga kawan kerja jahat beban kerja,Negatif,-1
dunia kerja kantor salah kerja pecat hilang gaji kerja hilang nyawa pindah tugas gaji enak,Negatif,-1
tukar perkara sedia gaji rendah pasal jawat kembang resume sedia tukar,Netral,0
alas pindah kerja gaji orang pindah kerja gaji kembang lingkung sesal arti,Netral,0
undang sabtu kondisi alas pindah kerja kerja alas gaji,Netral,0
telusur bayar lingkung kerja jahat bagus paksa tahan keburu depresi anak orang,Negatif,-1
tingkat iring harap syarikat sistem gaji sesuai gaji kerja,Positif,1
kena henti kerja dorang stres kerja peras ramai benda henti kerja,Negatif,-1
alas kerja negara rana ambil ilmu alam salur malaysia kejar gaji kejar faedah gaya hidup,Negatif,-1
tingkat iring harap syarikat sistem gaji sesuai gaji kerja,Positif,1
tips salah jenis pilih kasih salah bosan kerja salah gaji kena potong lepas,Negatif,-1
acapkali kerja arah tulis surat kerja utara alami kerja ketidakpuasan hati hadap skop kerja jadual bayar gaji janji pindah turun pangkat,Negatif,-1
pikir kembang sehat pilih pilih,Negatif,-1
omong mama pindah kerja alas gaji emak auto ceramah takut enak kerja lupa jodoh,Negatif,-1
september kemarin jahat kerja kantor kantor senang banget banget banget menang,Positif,1
alas pindah kerja kerja leluasa perintah agama gaji ubah,Negatif,-1
usaha minimal kerja putus pindah bilang kutu loncat alas jenjang karir pindah kerja fasilitas tara kerja cari gaji pindah,Negatif,-1
cerita orang pimpin cewek gaji digit kadang tembus uang pindah bank alas masuk bank pakai gaji habis pegang suami info suami kerja,Negatif,-1
pikir kayak orang kerja pindah kerja wajar cari gaji bagus cari lingkung kerja bagus alas orang pindah kerja malu pikir cetek,Negatif,-1
alas pindah kerja gaji,Negatif,-1
lupa alas pindah kerja alas gaji hapal,Negatif,-1
undang sabtu kondisi alas pindah kerja kerja alas gaji,Netral,0
tawar kerja sekolah posisi terima ajar sekolah kontrak kayak gaji pengin pindah alas kepsek logis,Netral,0
alas pindah bilang sesuai nyata utama kerja kadang pagi malam pulang gila anak kerja,Negatif,-1
salah kerja pilih cari duit nyaman cari ajar alam muda saran cari jahat,Negatif,-1
salah alas utama orang pindah kerja kena gaji jenjang karir lingkung kerja omong lingkung kerja jelek bilang gaji jenjang karir usaha janji,Negatif,-1
wacana buah bibir kerja sorot kerap pergok kerja contoh,Negatif,-1
manfaat kondisi level karir pindah usaha valid,Netral,0
tingkat iring harap syarikat sistem gaji sesuai gaji kerja,Positif,1
tingkat iring harap syarikat sistem gaji sesuai gaji kerja,Positif,1
kena tukar gaji kena lihat faktor peluang staf staf cuti kerja kena angkut isteri angkut senarai,Negatif,-1
rumah cuti masuk staff jahat gaji komitmen takat,Negatif,-1
bikin rekening bohong alas pindah kerja gaji dikit kemarin,Negatif,-1
cewek kerja pulang sore galak kerja main sabtu masuk tanggal merah masuk jarak rumah kantor kerja takut tanggap,Negatif,-1
lompat kenal kawan sorang lompat tukar tukar baju gaji,Netral,0
laksana patut kuat kuasa september tangguh cuti salin cuti kerja minggu lepas raja putus pinda akta kerja tangguh januari,Netral,0
putus pindah kerja gaji rendah ganti mental sehat tingkat stres kendali temu keluarga damping tumbuh kembang buah salah putus bijak hidup,Netral,0
staff bilang hati makan usaha coba cari kerja susah jaman kerja kayak dasar syukur entar kerja,Negatif,-1
nyata lingkung kerja jahat alas beliau cocok usaha fokus studi kontrak wajar hitung,Positif,1
kerja jawat awam putus henti kerja nasihat henti alas sayang kerja jamin takut niaga,Negatif,-1
pindah henti cikgu posting jalan kereta jalan laut sekolah cantik budaya kerja santai,Negatif,-1
orang kerja cocok nyaman jahat beda visi mudah bilang cicil kudu lunas butuh anggota keluarga semangat juang rupiah,Negatif,-1
drop alas jahat jahat drop etis versi terima kasih,Negatif,-1
ramai cakap zone gain basic bosan contoh pasal gaji pasal suka kerja takut,Negatif,-1
gatal gatal cakap benda buruk pasal majikan cakap buruk pasal kerja cakap pasal jahat jatuh cinta,Negatif,-1
pindah kerja gaji turun ribu alas pindah betah kerja kerja,Negatif,-1
cewek gaji pindah kerja gaji turun persen alas putus,Netral,0
rekan kerja pindah kerja gaji digit digit jabat rendah kerja kontrak alas pindah start stabil,Negatif,-1
terima kasih tawar salah alas pindah kerja minimal gaji tawar buka diskus moga timbang terima kasih,Negatif,-1
allah alas pengin kerja salah pengin pindah banget tetangga jahat moga cepat kerja,Netral,0
pengin pindah kerja alas gaji cuman lepas lingkung pikir,Negatif,-1
teman kantor utama cewek coba salah sender sender suka sebentar tinggal uang asuransi jamin cela,Negatif,-1
wajib alas pindah kerja gaji spekulasi jamin nyaman mending pindah,Negatif,-1
bangun kantor masuk bangun keburu sarap kantor salah alas pindah masuk kerja posisi eksklusif,Negatif,-1
pengin pindah kerja alas kuat gaji jemput susah motor gampang kerja susah gaji susah,Negatif,-1
karyawan kerja pola pikir maaf kerja rumah kapai daftar kerja rumah kemarin terima kerja gaji,Positif,1
halo sender kantor alhamdulillah langsung kerja gaji kantor kerja menang hasil,Positif,1
alas pindah kerja alas pindah jahat rangkap,Negatif,-1
kerja coba minimarket bang warnet kafe toko baju toko daging motel libur cuman tidur alas uang,Positif,1
guru gaji administrasi murid nakal wali murid rekan guru jahat,Positif,1
korban gaji juta paksa hidup gaji juta paksa cari laki suruh pindah kerja gaji,Negatif,-1
paksa modern bebas undur tunggu anggap kerja tahan usaha wajib asih makan siang lembur minggu kasih kompensasi libur atur negeri manusiawi banding atur,Negatif,-1
cewek gaji aneh usaha salah over kasih gaji biar pikir capek ajar,Negatif,-1
cewek gaji putus kerja libur gaji juta jujur badan toleransi,Positif,1
sayang kerja jahat sedih,Negatif,-1
alas pindah kerja henti kerja kembang bosan cari hobi bikin kembang bikin semangat,Negatif,-1
kantor bagus banget enak kompak jahat gaji seret karir kembang situ alas teman enak cari kayak,Negatif,-1
banget teman pilih dagang cilok alas bilang fleksibel mudah ibadah hasil gaji dagang,Positif,1
kemarin pusing pikir salah alas tolak tawar pindah kerja gaji,Negatif,-1
mama menang kangen adik bungsu kerja qatar lulus bandung orang kasihan capek pulang tarik nafas kerja gaji,Positif,1
alas bikin gaji jahat kerja sesuai minat bahas versi hasil riset,Positif,1
wajar tukar kerja pindah kerja gaji loyal gaji tengok contoh situasi,Negatif,-1
sorang adik komen nama hakim nama bang malas pergi kerja esok kali tengok muka suka harga awak gaji,Negatif,-1
salah ajar perkara gaji jahat peluang pangkat tukar kerja,Negatif,-1
kadang timbang orang rela kerja gaji faktor jarak keluarga tinggal anak lingkung kerja,Negatif,-1
omong gaji orang ambis tarik bahas gaji pindah kerja alas gaji kerja coba usaha,Netral,0
utama kerja masuk gaji pakai orang indonesia indonesia gaji habis hidup,Negatif,-1
pindah kantor kali kerja alas kawan kantor jahat terima pindah kantor kali mesti kaca jahat,Negatif,-1
ganti beda kerja situ kerja kerja upah lembur gaji bpjs parkir bayar jarak tempuh ijin tunjang cair,Netral,0
ramai gaji harga kawan kerja jahat susah situ repek kebaji kerja abai jaga anak jaga sehat,Negatif,-1
alas obat bilang mantan rekan teman bilang mbak sepatu mall beliau manager region jateng mall,Negatif,-1
tolong resmi bank swasta lolos gaji moga putus karir riba,Netral,0
kerja slogan sekolah kampung uang saku sekolah ajar riset tinggal sintas perempuan minggu lihat tangis sintas tahan dinamika henti salah,Positif,1
pindah rumah kantor rekan kerja ajar jalan doang tahan minggu habis alas niat susah,Negatif,-1
pulang malam subuh emak kasih pindah kerja alas cuman rumah rumah potensi malam,Netral,0
rasai orang orang betah kerja lingkung kerja jahat kemarin berkas berkas alas pindah,Negatif,-1
suruh pulang kerja selesai kantor tutup artikel alas pindah kerja,Negatif,-1
terima kerja langsung suruh banget tunggu proses banget allah nama kerja alas pindah gaji habis catat nomor,Positif,1
salah ajar perkara gaji jahat peluang pangkat tukar kerja,Negatif,-1
alas pindah kerja hutan belantara produk nama nipis madu gaji kota,Netral,0
alas tindak laku cari alam cari peluang sesuai tuju karir ahli kembang,Netral,0
gaji lipat sesuai usaha jenjang karir jakarta transportasi ongkos jahat rekan kerja kayak doang,Negatif,-1
alas pindah kerja pindah kerja cari gaji nafkah,Negatif,-1
alas alas percaya alas pindah kerja melulu gaji alas,Negatif,-1
kerja jakarta gaji tawar mutasi ponorogo gaji jakarta ponorogo murah ambil,Negatif,-1
alas teman jahat jahat kerja bikin gila cari kerja alas pindah kerja,Negatif,-1
kayak rame generalisasi baca sisi positif kutu loncat pindah posisi gaji,Negatif,-1
rekan kerja usaha alas posisi pindah situ,Negatif,-1
stres cemas akibat tekan hidup pribadi lelah fisik mental paksa inspirasi lingkung rutinitas monoton perfeksionis alias fokus,Negatif,-1
kerja undang jujur kerja tolong kasih referensi alas pindah kerja over,Netral,0
pindah kerja alas kantor jahat kantor gaji pindah sesal terima kasih,Negatif,-1
paksa masuk kerja pagi pulang malam buta hukum telat balas pesan menit paksa lepas alat kena sakit paksa kerja tidur kaki tangan hilang,Negatif,-1
rela alas usaha banget rumah gaji ongkos transpor rupiah sesal enak,Positif,1
putus lingkung kerja nyaman jenjang karir gaji jenuh banget kayak karyawan nyokap tuju takut,Positif,1
dunia kerja dunia kerja atur urus tinggal ijin omong sakit lampir surat ijin kerja orang asih gaji,Negatif,-1
kerja pindah alas pindah kerja cuman gaji,Negatif,-1
entar ketemu teman gaji pikir pindah saran syukur pindah kerja alas gaji teman dewasa,Positif,1
teman pindah pindah gede gaji kerja susah hidup kapai susah alas orang pindah kerja biar gaji rendah,Negatif,-1
teman henti alas guru senior murid bandel banget kerja sekolah negeri buah kota beban kerja sesuai gaji,Netral,0
kali lingkung kerja jahat surat,Negatif,-1
alas biar kerja kondisi kantor bikin jahat manusia ubah lingkung dukung kriminal timbang lihat jahat,Positif,1
lihat pilih gaji opsi kerja lingkung nyaman jarak pilih milik timbang kena,Netral,0
arti tahan lingkung kerja jahat faktor gaji tekan keluarga kerja janji,Negatif,-1
pindah kerja jamin aman terima sesuai kerja lolos alam tinggal nyaman usaha enak,Netral,0
pilih salah harga level tutup bawa gerbong rombong manjur pakai,Negatif,-1
alas jahat banget arah kerja visi jahat bungkus alas cari kerja hasil,Netral,0
kembang karir hasil sesuai harap pindah faktur utama tahan pindah perut hati otak,Positif,1
bismillah coba rangkum sederhana paham merger akuisisi sektor bisnis kecuali industri malu agens kembang,Positif,1
ubah mentalitas malu telat kerja wajib acara kantor urus pribadi debat manusia salah,Negatif,-1
cabut manager peka karir kembang kompensasi kerja belit kasi ajar apresiasi mentor kultur sehat ruang inovasi,Negatif,-1
kerja efek gaji tingkat suka usaha daya tawar orang langsung ganti bisnis gerak cepat alas kerja,Positif,1
kerja efek gaji tingkat suka usaha daya tawar orang langsung ganti bisnis gerak cepat alas kerja,Positif,1
karyawan bohong lamar arti nyaman tahan usaha usaha evaluasi sistem manajemen lihat elegan,Positif,1
usaha kaca lahir sedia ruang laktasi busui fleksibel busui perah jelek karyawan kecuali lembur,Positif,1
alas salah gaji kontribusi uang keluarga alas terima sang direktur peduli keluarga peduli usaha pergi,Positif,1
bangun pagi semangat pergi kerja tepu kerja rutin gain mati situ gaji timpal,Netral,0
durasi kerja usaha pindah pindah alas tingkat gaji bidang,Negatif,-1
jaman bisnis identik milik keluarga indak butuh struktur organisasi detail iring ubah jaman buah usaha milik milik saham,Positif,1
teman manager pandemi tahan karyawan pikir karyawan rumah mending tutup gaji asih kerja,Positif,1
usaha kemarin lulus sekolah kerja henti alas gaji kerja tempo ketemu pindah kerja,Positif,1
alas urgen tawar jahat kerja orang loyal terima usaha kutu loncat,Negatif,-1
baca kontrak kerja usaha asih denda selesai kontrak kerja pindah kompetitor jujur alas cari kerja,Negatif,-1
akak teman orang pindah usaha nutrisi usaha alas kali lipat mantap,Netral,0
kerja enak banget banget bosan astaga indah bego banget pindah kerja salah usaha alas gaji digit nyata bayar tanggung sanggup,Positif,1
bilang gaji lumrah alas pindah usaha,Negatif,-1
alas kerja lingkung jahat lingkung bagus jahat bagus keteter rumah mahal over stres,Negatif,-1
harap coba kembang beda cari suasana tantang kerja alam luas,Netral,0
gaji cepat pindah usaha usaha syarat layak alas pindah alas negatif,Negatif,-1
kantor bikin gaji cepat strategi jangka buah utas perspektif usaha hadap,Positif,1
jabodetabek wajar alias kutu loncat pindah kerja gaji pindah kerja daerah lapang kerja batas rendah coba,Negatif,-1
lompat masuk masuk bonus kali tahan until,Negatif,-1
sesal suruh pindah surabaya hidup jamin papa kerja usaha rumah kendara bego banget pakai alas pisah teman suka yuda,Negatif,-1
lompat lompat relatif stabil cetak badai reda asik goreng gaji pindah kena,Negatif,-1
salah alas suami pindah kerja gaji usaha sakit bpjs doang profit fasilitas alhamdulillah,Negatif,-1
barusan teman cerita usaha jepang jaman kali pindah kerja alas loyal kutu loncat problem,Negatif,-1
beban operasional usaha karyawan sesuai gaji biar beban operasional berat karyawan gaji ganti karyawan gaji,Positif,1
alas gaji wajar takut anggap loyal usaha anggap usaha gaji pindah,Negatif,-1
usaha teman jamin capek nyaman alas pindah pindah orang,Negatif,-1
sejarah catat pindah presiden sulit ekonomi negara utang potensi gusur warga lokal luas rusa kalimantan cenderung untung oligarki,Negatif,-1
telusur bayar lingkung kerja jahat bagus paksa tahan keburu depresi anak orang,Negatif,-1
undur massal usaha pandemi kondisi usaha stres kerja pelik karyawan putus salah usaha karyawan pandemi,Negatif,-1
tips salah jenis pilih kasih salah bosan kerja salah gaji kena potong lepas,Negatif,-1
usaha ganti kerja mesin laku alas manusia tangan kerja usaha kembang semangat panjenengan,Positif,1
alas utama semester stop kerja guru honorer pindah usaha hidup kayak orang kayak gaji kadar makan enak uang orang,Negatif,-1
usaha erti bingung pakai alas keluarga pindah kota kayak alas niat susah langsung gaji cair,Negatif,-1
gantung pindah kantor usaha beda usaha usaha alas pindah mutasi beda beda ubah gaji ubah,Negatif,-1
lulus kuliah kerja pindah usaha cantum kerja pindah alas gaji daerah lingkung jahat,Negatif,-1
pengin pindah industri kembang coba perhati jual,Positif,1
usaha jenjang karir gaji pindah alas cari gaji,Negatif,-1
alas pindah kerja gaji lingkung jahat syukur gaji segi kualifikasi kompetensi usaha sesuai kesel bilang kayak kesal,Negatif,-1
salah alas utama orang pindah kerja kena gaji jenjang karir lingkung kerja omong lingkung kerja jelek bilang gaji jenjang karir usaha janji,Negatif,-1
manfaat kondisi level karir pindah usaha valid,Netral,0
pindah kerja cari uang banget usaha kasih gaji kasih tenang batin kerja alas pandemi kena imbas erti,Negatif,-1
pindah usaha alas utama gaji perkara usaha alas urus,Negatif,-1
uang edar salah alas inflasi mangkanya gaji salah inflasi mangkanya gaji pilih pindah usaha,Negatif,-1
kena tukar gaji kena lihat faktor peluang staf staf cuti kerja kena angkut isteri angkut senarai,Negatif,-1
kerja pindah alas usaha gaji karyawan alas,Netral,0
cakap pahit teruk kedekut gaji buruk contoh alas henti,Negatif,-1
alas lamar kembang peduli kembang lihat tenang lihat loyal pengin ganti penuh,Positif,1
ramai henti kerja gaji harga kawan kerja jahat beban kerja repek kebaji kerja abai,Negatif,-1
singkat dunia kerja khusus anak kerja atur pengin umur pendek anak kerja teman belah rekan kerja,Negatif,-1
cerita pecat karyawan kerja kerja kerja tonton kerja bingung lucu marah,Negatif,-1
nyata lingkung kerja jahat alas beliau cocok usaha fokus studi kontrak wajar hitung,Positif,1
alas pindah manual digital kudu harga negeri kurs murah digitalisasi pakai produk lokal jamin aman data usaha,Negatif,-1
dunia kembang arah revolusi industri kerja hidup binatang libur kerja tunjang santai minum sampanye restoran mewah,Positif,1
gatal gatal cakap benda buruk pasal majikan cakap buruk pasal kerja cakap pasal jahat jatuh cinta,Negatif,-1
kerja usaha lokal indonesia prinsip kerja wajar batas usaha gaji beda kerja maksimal usaha harga upaya,Netral,0
hidup realitas ekonomi buah usaha rugi gaji direksi potong tekan usaha rugi karyawan penuh kait rantai pasok,Negatif,-1
indonesia gaji lingkung kerja jahat sadar,Negatif,-1
susah kerja usaha israel pribadi kerja umkm gaji minimal turun drastis pasu turun usaha israel tingkat pecah rumah,Netral,0
mentoring curhat kembang kerja pindah pindah bantu,Negatif,-1
alas pindah sadar gaji lingkung kerja salah bocil matahari buta dunia kerja mending pikir pindah usaha cari nyaman,Negatif,-1
kontra tuju fokus alas pindah usaha stabil gaji stabil,Positif,1
zaman almarhum papa salah bank pindah alas birokrasi susah capai usaha minim kerja,Negatif,-1
sender coba lamar lamar usaha mending alas gaji telat bayar kantor pindah susah akses kendara,Negatif,-1
biar pindah usaha alas gaji,Negatif,-1
saran mbak terima sangon ganti usaha alam pojok paksa klarifikasi jatuh nama bikin stres niat ambil,Negatif,-1
kontrak usaha gaji nyaman pengin pindah alas,Netral,0
kantor bagus banget enak kompak jahat gaji seret karir kembang situ alas teman enak cari kayak,Negatif,-1
salah pindah usaha bagus kantor salah asuransi kantor alas mulia gaji,Negatif,-1
manfaat buruh usaha hemat kali gaji orang alas upah minimum rendah,Netral,0
salah ajar perkara gaji jahat peluang pangkat tukar kerja,Negatif,-1
paksa bayar gaji paksa laku usaha ganti rugi sisa kontrak wajib pasal ubah,Negatif,-1
kait kutu loncat manajemen loncat bikin gaji drastis baca kutu loncat rekomendasi kasih orang kandidat,Positif,1
awak tukar bidang salah bosan kerja salah dengar gaji,Negatif,-1
salah ajar perkara gaji jahat peluang pangkat tukar kerja,Negatif,-1
kadang nama paragon segani pindah usaha mudah alas kasih tawar gaji lipat,Negatif,-1
kasir abdi usaha ujang alas pindah ujang gaji bangladesh,Negatif,-1
usaha jelek bikin kembang doang proses kerja ajeg capek kerja jelek terima kerja hikmah doang cari bagus,Positif,1
karakteristik loker indonesia subjektif pandang ijazah kerja keras angkat tahan ijazah lingkung jahat tahan usaha suka orang cepat pindah alas laku urus jual laku,Positif,1
pegang divisi tahan cuman alas pindah kembang ilmu karir terima jepang usaha,Positif,1
kandidat lamar alas pindah taraf hidup gaji lihat gaji juta usaha kerja harap gaji,Positif,1
penasaran kandidat usaha pindah alas utama gaji mentok kasih ruang mentok seru,Negatif,-1
uang usaha bawa kabur mantan manajer uang sisi manajer uang bawa kabur gaji bayar uang usaha buruk uang usaha buruk suka ambil uang usaha urus pribadi,Negatif,-1
stres cemas akibat tekan hidup pribadi lelah fisik mental paksa inspirasi lingkung rutinitas monoton perfeksionis alias fokus,Negatif,-1
putus duga bikin uang buruk apartemen cicil beban usaha salah kelola bisnis bayar apartemen gaji suka tarik uang,Negatif,-1
gara-gara alas gaji bonus pindah usaha gaji sesal,Negatif,-1
kayak rame generalisasi baca sisi positif kutu loncat pindah posisi gaji,Negatif,-1
rekan kerja usaha alas posisi pindah situ,Negatif,-1
arti pindah alas kuat gaji bumn lihat gaji timbang masuk usaha bingung pakai terima kasih,Positif,1
rela alas usaha banget rumah gaji ongkos transpor rupiah sesal enak,Positif,1
alas tindak laku cari alam cari peluang sesuai tuju karir ahli kembang,Netral,0
kali pindah sadar orang orang tolol jahat usaha alas tahan slip,Negatif,-1
alas terang alternatif lingkung jahat cari lingkung kerja dukung kembang tumbuh kembang profesional,Positif,1
masuk kerja muncul paksa gugat kayak insentif gaji bayar janji kasih,Negatif,-1
plan mental kali jahat titik,Negatif,-1
kerja efek gaji tingkat suka usaha daya tawar orang langsung ganti bisnis gerak cepat alas kerja,Positif,1
mesti sorang stres jahat gaji sikit orang kerja,Negatif,-1
kudap wajib lembur traktir,Negatif,-1
alas jahat lingkung kerja jahat tinggal toleransi,Negatif,-1
real alas teman bikin emosi malas jarang kerja gaji uang makan jalan,Netral,0
alas kembang kerja kontrak pakai bilang,Positif,1
alas kerja gaji kerja berat pengin rambut,Netral,0
rekan kerja wanita alas program hamil anak banget jago desain,Positif,1
alas gaji nyaman lingkung kerja teman kerja kalimat indah kepsek,Netral,0
cari kerja susah pandemi kerja beban banget depresi samping gaji keluarga bilang sakit biar alas libur kerja,Negatif,-1
alas kerja cari kasih gaji kerja auto sesal tinggal kerja sesal,Negatif,-1
anak jaman kerja bosan alas karir teman cuan gede,Negatif,-1
minggu kerja pengin betah lingkung kerja bingung alas,Netral,0
kerja alas capek alas utama nyaman orang kerja nyaman alas orang jahat jahat orang pacar,Netral,0
main data karyawan paksa tunggu sakit usaha lalai gaji alias penuh wajib ngeri,Negatif,-1
tahap lampau stres kerja mesti kadang tahan jenis kerja paruh jalan kadang kerja gaji bayar komitmen moga sabar rezeki milik allah,Positif,1
tetangga kantor alas kerja capek kerja jahat kepala rehat capek jalan,Negatif,-1
alas jahat banget arah kerja visi jahat bungkus alas cari kerja hasil,Netral,0
mama kerja sakit salah banget kaya hambat tuju hidup mama alas beliau salah sakit akibat urus pusing stres pikir banget kaya beban orang rumah,Negatif,-1
keren karyawan papa hamil cerita kerja rumah alas kuat kantor papa kasih bijak gaji cuti lahir gaji papa kasih habis cuti lahir,Positif,1
slip gaji gaji sisa kerja situ tulis hitung kerja bayar potong arti hitung,Netral,0
utama kerja alas gaji rekan kerja laku kerja kayak tahi,Negatif,-1
kudu rabi alas suami kerja lembur rabi solusi,Positif,1
jujur alas jahat alas capek orang kerja modal lurah riwayat hidup,Negatif,-1
teman gaji lumayan alas lingkung kerja kerja cari coba pengin,Negatif,-1
alas kerja turun lapang kadang malam lepas gaji kerja pulang malam gaji standar keluh astagfirullah,Negatif,-1
kerja teman angkat alas sedih bikin menang rekan kerja kerja teman angkat sedih,Netral,0
tolong kasih alas cocok kosmetik mall kerja capek banget,Positif,1
sampah staff acah masuk kerja alas kerja gaji berkat kerja kena,Negatif,-1
benci banget kantor marah akal bikin mental tahan jahat sesal banget alhamdulillah,Positif,1
usaha kaca lahir sedia ruang laktasi busui fleksibel busui perah jelek karyawan kecuali lembur,Positif,1
kerja kerja sehat mental miskin duit miskin mental,Negatif,-1
alas malas pulkam ketemu tante kakak sepupu pokok anggota keluarga bagus kerja kemarin lihat susah kerja pandemi sabar sabar,Netral,0
kerja suka duka beban kerja kolega gampang kabur kerikil permisif cari jahat salah ambil cuti salah,Negatif,-1
manager pecat nyata kerja busuk kirim lebay gaji tarik usaha,Negatif,-1
kerja bidang minat suka kerja pergi kerja menang ambil putus henti tawar bonus,Negatif,-1
jujur dengar orang alas bosan lingkung kerja gaji pengin lempar kerja,Positif,1
kerja jahat rubah darah daging pilih,Negatif,-1
kerja efek gaji tingkat suka usaha daya tawar orang langsung ganti bisnis gerak cepat alas kerja,Positif,1
alas kawan tawar loker mundur kerja gaji pokok pagi pulang malam lembur partner jahat parah wajar,Negatif,-1
mbak alam mending mundur sehat mental gaji pangkat hancur mental kerja bikin hancur tuju kerja gaji mental,Positif,1
tiada gaji urus beban kerja wang sehat rupa faktor henti,Negatif,-1
utama kerja alas gaji rekan kerja laku kerja kayak tahi,Negatif,-1
nekad jahat teman kantor suportif kerja budak sistem kantor hancur hasil kesel uang kantor tolong,Negatif,-1
kerja alas jarak gaji,Netral,0
alas palsu kerja alas asli gaji banding banget sistem kerja jahat,Netral,0
wawancara kerja usaha alas finansial gaji etis,Positif,1
lembur mesti rawat rumkit lelah kronis tipes teman bawa suka turun jabat sakit kerja pilih auto kelimpungan,Negatif,-1
lolos rekan kerja alas jujur butuh saran terima kasih,Negatif,-1
alas keren capek kerja gaji,Netral,0
alas gaji sesuai cepat posisi kerja,Positif,1
rencana kerja gaji signifikan beban kerja lembur bayar alas jelek usaha,Negatif,-1
sayang mental lingkung jahat over lembur bayar urus kantor agustus kerja januari tabung,Netral,0
gaji bonus kuat tinggal cari habis situ jerih payah usaha pandang belah mata,Negatif,-1
alas salah gaji kontribusi uang keluarga alas terima sang direktur peduli keluarga peduli usaha pergi,Positif,1
lambat insentif gaji pegawai utama nakes paksa,Positif,1
stres kerja lepas tengok nyawa sikit cakap hadap hadap paksa,Negatif,-1
teman manager pandemi tahan karyawan pikir karyawan rumah mending tutup gaji asih kerja,Positif,1
suasana kantor enak jahat rekan kerja tahan butuh duit pahit,Negatif,-1
usaha capek kerja gaji besok masuk kerja langsung gaji,Netral,0
stres kerja situ fikir duit kalis jahat stres baca seronok kerja,Negatif,-1
kerja nyaman banget cocok lingkung gaji putus korea niat libur cari kerja korona dasar menang,Positif,1
alas kerja lingkung jahat lingkung bagus jahat bagus keteter rumah mahal over stres,Negatif,-1
jaman kerja pakai alas mental adaptasi lingkung inti lingkung kerja paham,Netral,0
kerja bayar juta begadang tidur come,Netral,0
mbak rasai posisi capek capek capek lingkung kerja jahat banget kontrak kerja pinalti uang keluarga orang sayang,Positif,1
bagus jahat mudah cakap,Negatif,-1
orang lingkung jahat kayak langkah percaya enak alam pribadi,Netral,0
ambil kena kantor alas kantor lingkung kerja jahat gaji kerja alokasi uang tahan kenal putus pilih,Negatif,-1
minggu kerja sombong gara-gara sarjana lulus coba bangun komunikasi jelek teman kerja cepu bodo sehat jiwa kerja kayak robot,Negatif,-1
auto kafir shalat jumat barista restoran jepang mall tempel hotel mewah shalat jumat makan siang tinggal meja lantar,Positif,1
kadang orang luah stres kerja penat syukur kerja ramai kerja kadang luah pakai,Positif,1
sebel orang selesai potensi ketemu orang sikap kerja hadap ajar kembang interpersonal,Positif,1
kaget banget mantan senior salah gara orang jahat banget marah suka grup situ intern grafis kerja,Negatif,-1
teman rsud jawa kerja jawa alas gaji sesuai beban kerja sulit dokter dikit perata dokter problem,Negatif,-1
indra orang alas kena lingkung jahat rendah orang kerja heran banget lambe,Negatif,-1
ramai henti kerja gaji harga kawan kerja jahat beban kerja repek kebaji kerja abai,Negatif,-1
cakap surat tempoh moga bantu,Positif,1
alas kasih kerja kerja kagak lembur tugas manager,Negatif,-1
nyata orang lingkung kerja jahat bayang parah cerita mbak nyata,Negatif,-1
istirahat duduk komputer kuat tahan lapar pusing takut orang,Negatif,-1
jahat pindah pindah kantor,Negatif,-1
alas usaha rekan kerja,Netral,0
prediksi tutup pecat total alas zona nyaman tolak kerja lembur revolusi,Negatif,-1
habis gaji,Netral,0
karyawan gaji gaji gaji bikin resah paket jahat ganti lingkung kerja asik,Positif,1
ramai henti kerja gaji harga kawan kerja jahat beban kerja repek kebaji kerja abai,Negatif,-1
gaji gaji gaji nilai bayar,Positif,1
jumpa jahat,Negatif,-1
kerja kerja kerja masak kasir tamu gaji juta duduk sebentar istirahat manja,Negatif,-1
alas gaji banding beban kerja,Negatif,-1
solusi hadap lingkung kerja jahat solusi cari bagus cari lingkung kerja cocok gampang bekal,Netral,0
pengin kerja alas kerja gaji duit gilir susah bayar,Negatif,-1
kerja gaji partner kerja jahat masuk akal alas partner kerja enak,Negatif,-1
gaji alas kerja orang pribadi kerja julid dendam bingung,Negatif,-1
undang sabtu kondisi alas pindah kerja kerja alas gaji,Netral,0
alas cocok staf kerja kontrak bilang alas alas kerja peluang,Netral,0
kerja lingkung gaji jenis alas biar terima,Positif,1
kerja alas susah target gaji minim jujur usaha lamar,Negatif,-1
pengin kerja alas teman kantor jahat serba salah,Negatif,-1
pergi gaji kerja karut ungkit jahat,Negatif,-1
kayak alas rekan kerja suportif,Negatif,-1
ramai henti kerja gaji harga kawan kerja jahat beban kerja,Negatif,-1
paksa gaji bayar,Negatif,-1
alas kerja masuk akal kadang tuntut loyalitas hitung lembur,Netral,0
gaji gaji pakai,Netral,0
salah alas kantor lingkung kerja jahat sakit mental bahan guyon divisi kantor ning suruh pakai bolpoin mata diam,Negatif,-1
september kemarin jahat kerja kantor kantor senang banget banget banget menang,Positif,1
tidur kerja total laku stop bilang pengin alas capek kerja,Netral,0
alas mental buruk kena penalti surat terang dokter rehat penalti banget juta kerja banget balas,Positif,1
alas kerja tawar kerja gaji kultur kerja koneksi potensi kembang potensi laku alas orang betah kerja,Positif,1
tingkat iring harap syarikat sistem gaji sesuai gaji kerja,Positif,1
telusur bayar lingkung kerja jahat bagus paksa tahan keburu depresi anak orang,Negatif,-1
alas kerja masuk akal kadang tuntut loyalitas hitung lembur,Netral,0
problem kena tolak gaji maki allah plan alhamdulillah,Negatif,-1
salah kuasa otak soak karyawan negosiasi gaji mandiri jejak nilai nilai tawar jual,Positif,1
alas jujur kerja target gaji terima tawar kuat alas usaha mending kayak,Negatif,-1
cewek gaji kerja jakarta gaji juta dapur listrik pindah gaji juta alas bosan,Positif,1
kena henti kerja dorang stres kerja peras ramai benda henti kerja,Negatif,-1
cowok malas kerja posisi jabat berat pilih alas pusing kerja kayak malas gaji kerja,Negatif,-1
gaji alas kerja orang pribadi kerja julid dendam bingung,Negatif,-1
cewek saran alas kerja lingkung jahat beban kerja bikin kuat terima kerja,Negatif,-1
kerja libur gaji tunggu juta cari kerja penjara kayak orang,Negatif,-1
alam kerja maksud kutu loncat alas usaha kantor gulung tikar alas kantor cocok gaji,Positif,1
buka negoisasi gaji laku usaha bilang gaji usaha erti,Netral,0
tingkat iring harap syarikat sistem gaji sesuai gaji kerja,Positif,1
gejolak hati pikir butuh duit tahan kerja stres mental utama dana darurat kerja beban keluarga cari kerja mudah,Negatif,-1
acapkali kerja arah tulis surat kerja utara alami kerja ketidakpuasan hati hadap skop kerja jadual bayar gaji janji pindah turun pangkat,Negatif,-1
inti nyaman lingkung kerja laku beda rekan kerja hasil kerja tekan,Positif,1
mental hadap subang jaya jalan kebun badan letih anak anak layan hara sepah depa hadap cari,Negatif,-1
tingkat iring harap syarikat sistem gaji sesuai gaji kerja,Positif,1
minggu lancar kerja kantor enak banget gaji jarak kerja moga putus,Positif,1
tingkat iring harap syarikat sistem gaji sesuai gaji kerja,Positif,1
contoh surat bahasa bahasa melayu kawan kawan,Negatif,-1
kerja jawat awam putus henti kerja nasihat henti alas sayang kerja jamin takut niaga,Negatif,-1
jaman konten alas personal banget publik kecuali rawan,Negatif,-1
nyata lingkung kerja jahat alas beliau cocok usaha fokus studi kontrak wajar hitung,Positif,1
putus pindah kerja gaji rendah ganti mental sehat tingkat stres kendali temu keluarga damping tumbuh kembang buah salah putus bijak hidup,Netral,0
staff bilang hati makan usaha coba cari kerja susah jaman kerja kayak dasar syukur entar kerja,Negatif,-1
ramai cakap zone gain basic bosan contoh pasal gaji pasal suka kerja takut,Negatif,-1
gaji orang kena orang wajib bayar gaji,Negatif,-1
cakap pahit teruk kedekut gaji buruk contoh alas henti,Negatif,-1
cewek surat kasar lembur bayar bonus juta mending ikhlas tagih,Positif,1
alas lamar kembang peduli kembang lihat tenang lihat loyal pengin ganti penuh,Positif,1
orang luah stres kerja penat syukur kerja ramai kerja kadang kadang luah pakai,Positif,1
capek banget kerja orang jahat salah alas pengin cepat,Negatif,-1
putus kerja cowok kenal kemarin hidup niat kembang alas nyata,Positif,1
orang kerja cocok nyaman jahat beda visi mudah bilang cicil kudu lunas butuh anggota keluarga semangat juang rupiah,Negatif,-1
siang obrol teman kerja alas alas tahan mbak kantor ajar kantor kerja relasi batas rekan kerja,Negatif,-1
karyawan habis susah kerja beritahu alas habis bentak cari kembang,Negatif,-1
ramai henti kerja gaji harga kawan kerja jahat beban kerja repek kebaji kerja abai,Negatif,-1
orang perihal teman kantor jahat tinggal nyata gampang ketemu sindir stres banget anjir stres,Negatif,-1
tanda patut kerja stres lampau mental mahal gaji keliling orang jahat kaki jilat kerja gaji kedekut,Negatif,-1
nyokap alas kerja percaya minum kerja tidur sakit kepala kerja bikin stres selesai cerita,Negatif,-1
prambanan jujur plan alas lembur pengin kerja gaji potong bpjs,Negatif,-1
aman bilang alas cocok lingkung kerja alas jujur gaji gaji,Netral,0
bilang kesan klise banget alas anggap adek anggap adek kerja doang,Positif,1
genap jahat habis modal modal modal duduk sesak,Negatif,-1
hantar surat start orang dengar majikan koyak kerja jahat,Negatif,-1
habis tolak alas nasib omset cabang pegang sender capek banget cabang penuh orang jahat gaji pokok sender omset,Negatif,-1
semangat kerja anak lingkung kerja jahat alas,Negatif,-1
coba lihat pesan kerja situ kerja uang cerita usaha kerja,Positif,1
sebel gaji telat sebel lihat karyawan gaji telat pakai alas kerja enak telat ambil cuti kerja atur,Negatif,-1
minggu tuan putri labu kerja bikin salah alas daerah blok,Negatif,-1
alas kerja lingkung jahat bilang lingkung maksud bohong,Negatif,-1
henti syarikat gaji salah sesuai sekira,Netral,0
masuk kerja galau tinggal anak kerja lihat orang orang banget lihat kembang anak menang lihat moga paham kerja alas,Positif,1
karyawan kerja pola pikir maaf kerja rumah kapai daftar kerja rumah kemarin terima kerja gaji,Positif,1
pengin butuh uang alas capek kerja anak jaman,Negatif,-1
konon pakai alas kerja lepas gaji pangkat manager suruh masuk alas,Negatif,-1
istirahat rupa kerja rupa kerja istirahat kerja bebas pakai kapai langgar hukum atur internal usaha bayar sangon,Negatif,-1
alas kerja salah tidur beranta gaji minus potong,Negatif,-1
tipe masuk kerja alas lingkung kerja jahat,Negatif,-1
kerja gaji alas enak,Netral,0
kawan budak kerja gaji alas kursus kerja pergi kursus kepala,Positif,1
marah kecewa pasang kuat lamar terima tolak gaji terima kerja gaji,Positif,1
alas usaha sabtu kerja cari kerja senin jumat,Netral,0
kerja gaji ambil tawar alas kontrak pinalti,Negatif,-1
halo sender kantor alhamdulillah langsung kerja gaji kantor kerja menang hasil,Positif,1
karyawan habis gaji henti kerja kali karyawan alas klasik salah,Positif,1
halo kerja kontrak izin alas lingkung jahat ganti bagus,Negatif,-1
cewek gaji nekat ganti fase capek banget kerja gaji juta kerja,Positif,1
paksa modern bebas undur tunggu anggap kerja tahan usaha wajib asih makan siang lembur minggu kasih kompensasi libur atur negeri manusiawi banding atur,Negatif,-1
kantor bagus banget enak kompak jahat gaji seret karir kembang situ alas teman enak cari kayak,Negatif,-1
kakak sender kerja banget gaji slip gaji potong jamsostek saldo kantor bilang arti bpjs gaji kakak sender sedih banget,Positif,1
lingkung enak gaji sedih banget paksa gaji butuh,Negatif,-1
gaji telat telat,Negatif,-1
guru gaji administrasi murid nakal wali murid rekan guru jahat,Positif,1
cewek gaji putus kerja libur gaji juta jujur badan toleransi,Positif,1
alas kerja klasik lingkung jahat jahat gaji cari alas bohong jujur tahan gaji,Negatif,-1
sayang kerja jahat sedih,Negatif,-1
kerja gara-gara rekan kerja jahat susah ajak kerjasama tingkat hati banget hubung jujur alas pakai alas,Positif,1
gaji gara-gara susah cuti libur ganggu syarat gaji cuti ganggu,Negatif,-1
wajar sedih alas utama lingkung kerja jahat atur istirahat makan menit langsung kerja salah mohon masuk,Negatif,-1
kerja cari duit cari jenjang karir duit kayak sender alas kerja normal gaji pikir tenang,Negatif,-1
tanda timbang kronis beranta lingkung rekan kerja jahat kembang usaha jalan,Negatif,-1
alas bikin gaji jahat kerja sesuai minat bahas versi hasil riset,Positif,1
tuju habis lulus cari kerja gaji langsung minimal cari alam kerja kerja alas coba kerja betah,Negatif,-1
kerja usaha atur suka suka manager atur karyawan karyawan izin sakit dokter gaji desember,Netral,0
henti kerja komitmen dana cemas utama komitmen kerja alas fikir,Negatif,-1
coba kerja alas pulang gaji tuntut rendah kayak,Negatif,-1
pilih tahan kerja capek muak stres beban kerja gaji timbang semangat peluk,Negatif,-1
orang gaji rendah orang teruk gaji gaji,Negatif,-1
orang terima tawar kerja rana tawar bagus orang rana manusia bagus jahat jahat gaji,Netral,0
ramai gaji harga jahat beban kerja repek kebaji abai,Negatif,-1
ganti beda kerja situ kerja kerja upah lembur gaji bpjs parkir bayar jarak tempuh ijin tunjang cair,Netral,0
alas terang alternatif lingkung jahat cari lingkung kerja dukung kembang tumbuh kembang profesional,Positif,1
capek kerja alas jahat cari muka domba sadar kerja kayak,Negatif,-1
mending mental aman cadang kerja cari gaji mental jiwa raga tekan,Negatif,-1
april kemarin kerja alas sepeda keliling indonesia timur barusan banget telpon kepala toko gaji masuk pesan selesai jalan kerja,Netral,0
alas rencana kerja kerja gaji rencana cari minimal kerja suka,Negatif,-1
kerja rumah admin data dada gaji suruh lantai angkat jemur jaga bayi utama bilang mental lemah,Negatif,-1
rekan kerja kerja surabaya tawar kerja alas keluarga,Negatif,-1
ramai gaji harga kawan kerja jahat susah situ repek kebaji kerja abai jaga anak jaga sehat,Negatif,-1
gedik gedik buka staff bayar alas bayar gaji kerja minggu bayar staff suara hantar surat saman bodoh,Netral,0
orang kantor niat kerja masuk alas sakit mending imbas kasihan sakit kena potong sakit kadang rekan jabat kayak sampah bawa virus banget,Negatif,-1
alas biar kerja kondisi kantor bikin jahat manusia ubah lingkung dukung kriminal timbang lihat jahat,Positif,1
bilang alas kuliah alas kuliah kerja kerja gila kerja rodi kerja istirahat mending kerja duduk komputer,Negatif,-1
maaf bingung alas gaji kerja sesuai bingung pikir alas saran alas,Positif,1
alas kerja jahat milik jaga profesionalisme positif bicara kembang ajar cari tantang,Netral,0
malas gila kerja gila alas pakai stres kerja,Negatif,-1
terima kerja langsung suruh banget tunggu proses banget allah nama kerja alas pindah gaji habis catat nomor,Positif,1
tabiat usaha kali alas kerja bagus gaji omong jelek jelek usaha,Negatif,-1
alas kerja masuk akal jaman,Negatif,-1
alas gaji mantap kerja fleksibel inti uang mantap,Positif,1
kerja kerja alas kuliah,Netral,0
alas rekan kerja rekan kerja bocor alias suka,Negatif,-1
kerja lingkung jahat entar alas gara-gara karyawan lebar,Negatif,-1
jahat banget teman gaji alas penuh fakta lapang kerja maksimal pulang gila gaji minim sulit,Netral,0
tolong resmi bank swasta lolos gaji moga putus karir riba,Netral,0
pindah kantor kali kerja alas kawan kantor jahat terima pindah kantor kali mesti kaca jahat,Negatif,-1
gaji banget biar jomplang rasai gaji kabur,Positif,1
kerja alas terima kantor kantor telat bayar gaji kantor ganti sulit kasih alas situ kembang,Positif,1
cewek lingkung kerja jahat kaya manusia kayak gaji salah bahasa binatang pusing cewek aduh putus,Negatif,-1
tetiba alas mesti jaga cucu anak terima kerja banget hitung gaji suami bilang gaji penuh bersih untung suami hilang,Netral,0
banget coba kenal alam kerja alas terima kerja cerita alam capai kerja alas kerja,Positif,1
alas kerja jahat uang lembur kena potong tanggal merah kena potong kerja,Negatif,-1
niat ijin gaji alas capek kasih fasilitas kamar bobo kerja alas asli ipar nafkah masak alas,Positif,1
alas tindak laku cari alam cari peluang sesuai tuju karir ahli kembang,Netral,0
cari ganti kaya usaha cari orang gaji kerja kadang uang makan tunjang gaji,Netral,0
alas kerja usaha bilang usaha bohong usaha gaji alam,Negatif,-1
kerja undang jujur kerja tolong kasih referensi alas pindah kerja over,Netral,0
cewek gaji gaji gaji tara anak langsung,Positif,1
cewek gaji alas gaji butuh apresiasi tugas undang seleksi kerja kerja,Negatif,-1
putus lingkung kerja nyaman jenjang karir gaji jenuh banget kayak karyawan nyokap tuju takut,Positif,1
habis kontrak gaji mudah percaya gaji bentuk tulis kontrak ikat,Positif,1
kembang modal kota ambil alas visa kerja negara,Negatif,-1
arti tahan lingkung kerja jahat faktor gaji tekan keluarga kerja janji,Negatif,-1
konten kreator guru alas lingkung kerja jahat nyata lingkung jahat akibat ulah,Negatif,-1
pandemik bayar gaji selesa kerja relaks fikir kerja henti kerja henti kerja pandemik benda henti kerja,Negatif,-1
gaji cepat,Netral,0
pilih salah harga level tutup bawa gerbong rombong manjur pakai,Negatif,-1
pindah kerja jamin aman terima sesuai kerja lolos alam tinggal nyaman usaha enak,Netral,0
lompat kerja mesti benda bagus sesuai gaji baca,Netral,0
pindah kerja kerja arti enak pikir ayam sayur sesuai koridor kantor kerja pindah,Netral,0
kerja enak ajar tumbuh serve kerja pulang gaji pikir robot,Netral,0
ubah mentalitas malu telat kerja wajib acara kantor urus pribadi debat manusia salah,Negatif,-1
bangun pagi semangat pergi kerja tepu kerja rutin gain mati situ gaji timpal,Netral,0
standar pindah gaji pindah gaji pintar,Negatif,-1
tukar perkara sedia gaji rendah pasal jawat kembang resume sedia tukar,Netral,0
kerja efek gaji tingkat suka usaha daya tawar orang langsung ganti bisnis gerak cepat alas kerja,Positif,1
kembang karir hasil sesuai harap pindah faktur utama tahan pindah perut hati otak,Positif,1
kerja efek gaji tingkat suka usaha daya tawar orang langsung ganti bisnis gerak cepat alas kerja,Positif,1
kerja negatif marah malas pergi kerja kerja teruk kaki bawang kipas gaji kaki bawang ubah perangai orang kerja,Negatif,-1
hubung kerja kerja artikel rencana asih lindung karyawan hubung kerja kerja komunikasi sehat mental,Positif,1
alas urgen tawar jahat kerja orang loyal terima usaha kutu loncat,Negatif,-1
kenal kerja start kondisi mental pengaruh fisik kena parah rawat inap operasi putus pindah kerja gaji alas pengin hidup mbak,Negatif,-1
tukar perkara sedia gaji rendah pasal jawat kembang resume sedia tukar,Netral,0
nyata posisi gambar kursi pengaruh banget kerja semenjak pindah meja kasur jatuh kayak leseh ganti kursi sakit pinggang,Negatif,-1
dosa banget tali silaturahmi teman jahat bawa pengaruh buruk putus kontak pindah kerja,Negatif,-1
tiada gaji urus beban kerja wang sehat rupa faktor henti,Negatif,-1
stres kerja situ fikir duit kalis jahat stres baca seronok kerja,Negatif,-1
rekomendasi pindah managemen pasar salah bidang milik pengaruh usaha rekan kerja kasih,Negatif,-1
loyalitas hasil kerja sesuai tawar gaji bangun sulit kembang,Positif,1
bang jakarta bogor kantor kondisi kerja jakarta bikin stres pindah banget beda tinggal kantor kantor tinggal pengaruh,Negatif,-1
alas kerja lingkung jahat lingkung bagus jahat bagus keteter rumah mahal over stres,Negatif,-1
ganggu kerja jabat hormat rehat komunikasi kerja tempoh akta kerja sekira majikan bayar,Negatif,-1
peran milik andil karyawan latar kuat orang kerja gaji gain koneksi bikin kena sasar,Positif,1
pinda akta kerja september cuti salin cuti kerja kerja kena ambil,Negatif,-1
cipta kerja omnibus jalan capai oktober tingkat tajam omnibus sejati cipta negara oligarki mudah sangon upah murah privatisasi hubung kerja buruh,Positif,1
ramai henti kerja gaji harga kawan kerja jahat beban kerja repek kebaji kerja abai,Negatif,-1
jahat pindah pindah kantor,Negatif,-1
jurnal riset korelasi jarak tempuh tingkat stres pegawai hasil korelasi positif komuter rentan hadap stres psikis,Positif,1
kantor bikin gaji cepat strategi jangka buah utas perspektif usaha hadap,Positif,1
kerja gaji bawa pulang gaji doang anak muda rugi usaha bawa pulang monitor inventaris kantor biar untung,Negatif,-1
kerja minggu september pinda akta kerja kenal atur kerja fleksibel kerja mohon kerja rumah situasi desak,Positif,1
kerja kantor lembur bayar pulang malam buah budaya haram hukum pulang pabrik pulang karyawan pulang ganti,Netral,0
jabodetabek wajar alias kutu loncat pindah kerja gaji pindah kerja daerah lapang kerja batas rendah coba,Negatif,-1
orang suka banget zona nyaman perihal kerja cari nyaman gaji butuh lingkung kerja suruh cari tolong kasih paham,Negatif,-1
lompat lompat relatif stabil cetak badai reda asik goreng gaji pindah kena,Negatif,-1
ramai henti kerja gaji harga kawan kerja jahat beban kerja repek kebaji kerja abai,Negatif,-1
kuat kuasa pinda akta kerja tangguh januari ubah akta kena kait kerja cuti salin gaji jangka laksana september,Positif,1
dunia kerja kantor salah kerja pecat hilang gaji kerja hilang nyawa pindah tugas gaji enak,Negatif,-1
jahat kerja masuk akal rela begadang kerja libur saing rekan kerja kasihan kerja efektif sesuai lihat malas,Netral,0
amit usaha nyata jahat lihat dampak performa kerja efek sakit igau kerja tidur pikir negatif kompromi sehat nomor,Negatif,-1
wajar arsenal arsenal main pindah pengaruh latih uang transfer gaji salah kerja latih medioker,Negatif,-1
salah kerja pilih cari duit nyaman cari ajar alam muda saran cari jahat,Negatif,-1
skala luas bukti kerja beranta pengaruh buruk performa making profesi taruh nyawa jaman kerja tidur bodoh egois,Negatif,-1
pusat ekonomi maju ekonomi raya cemar stres jimat syarikat staff jimat,Netral,0
transfer transfer stres,Negatif,-1
pengin pindah industri kembang coba perhati jual,Positif,1
pikir kembang sehat pilih pilih,Negatif,-1
cewek kerja pulang sore galak kerja main sabtu masuk tanggal merah masuk jarak rumah kantor kerja takut tanggap,Negatif,-1
stres kerja kerja perangai kerja jahat salah punca henti kerja mental ganggu,Negatif,-1
lingkung kerja pengaruh harap cari alam gaji lingkung kerja jahat omong lingkung kerja cibir,Negatif,-1
stres,Negatif,-1
laksana patut kuat kuasa september tangguh cuti salin cuti kerja minggu lepas raja putus pinda akta kerja tangguh januari,Netral,0
wacana buah bibir kerja sorot kerap pergok kerja contoh,Negatif,-1
kantor pulang cepat kayak pulang gila banget bayang pulang jalan jakarta macet parah buka telat buka jalan rumah hebat banget kantor kayak,Netral,0
kena tukar gaji kena lihat faktor peluang staf staf cuti kerja kena angkut isteri angkut senarai,Negatif,-1
kaji kerja gembira stres stres ganggu,Negatif,-1
lompat kenal kawan sorang lompat tukar tukar baju gaji,Netral,0
putus pindah kerja gaji rendah ganti mental sehat tingkat stres kendali temu keluarga damping tumbuh kembang buah salah putus bijak hidup,Netral,0
nyata lingkung kerja jahat alas beliau cocok usaha fokus studi kontrak wajar hitung,Positif,1
padang jawa,Netral,0
ramai cakap zone gain basic bosan contoh pasal gaji pasal suka kerja takut,Negatif,-1
kerja jawat awam putus henti kerja nasihat henti alas sayang kerja jamin takut niaga,Negatif,-1
cerita pecat karyawan kerja kerja kerja tonton kerja bingung lucu marah,Negatif,-1
orang perihal teman kantor jahat tinggal nyata gampang ketemu sindir stres banget anjir stres,Negatif,-1
masuk gaji orang were,Negatif,-1
ramai henti kerja gaji harga kawan kerja jahat beban kerja repek kebaji kerja abai,Negatif,-1
habis tolak alas nasib omset cabang pegang sender capek banget cabang penuh orang jahat gaji pokok sender omset,Negatif,-1
paham kerja jamin gaji pangkat kena lompat,Negatif,-1
halo sender kantor alhamdulillah langsung kerja gaji kantor kerja menang hasil,Positif,1
kerja usaha lokal indonesia prinsip kerja wajar batas usaha gaji beda kerja maksimal usaha harga upaya,Netral,0
sayang kerja jahat sedih,Negatif,-1
pindah kerja gaji pengaruh banget nyaman kerja teman lumayan goyah pengin,Netral,0
stres kerja stres kuasa singkat takut pecat salah hidup stres stres banget,Negatif,-1
cewek gaji aneh usaha salah over kasih gaji biar pikir capek ajar,Negatif,-1
usaha bilang cari bikin kembang buruk mending,Negatif,-1
cewek gaji slip gaji dampak gaji usaha gaji usaha slip gaji ubah pikir,Negatif,-1
paksa modern bebas undur tunggu anggap kerja tahan usaha wajib asih makan siang lembur minggu kasih kompensasi libur atur negeri manusiawi banding atur,Negatif,-1
kerja palu gaji orang alami kerja akibat cemas depresi ganggu aspek hidup pribadi kerja bayang berat hidup,Negatif,-1
tukar kerja gaji ramai tuju tukar kerja kerja kaya majikan sahaja kaya,Netral,0
tukar kerja gaji ramai tuju tukar kerja kerja kaya majikan sahaja kaya,Netral,0
wajar tukar kerja pindah kerja gaji loyal gaji tengok contoh situasi,Negatif,-1
buah syarikat rugi gaji minimum,Netral,0
kait kutu loncat manajemen loncat bikin gaji drastis baca kutu loncat rekomendasi kasih orang kandidat,Positif,1
kerja usaha jahat julid salah anak bumn gaji sopan anak jaman kerja,Negatif,-1
pindah kerja kerja pindah kerja gaji kerja gaji gaji,Negatif,-1
cuti ganti takut bilang alay rekan kantor ganti kerja hubung orang kontak,Negatif,-1
utama kerja masuk gaji pakai orang indonesia indonesia gaji habis hidup,Negatif,-1
jalan penat pindah rumah,Netral,0
kerja jakarta gaji tawar mutasi ponorogo gaji jakarta ponorogo murah ambil,Negatif,-1
salah ajar perkara gaji jahat peluang pangkat tukar kerja,Negatif,-1
pergi kerja pindah jabat sahaja utama anak nikmat tukar ganti nikmat alhamdulillah,Positif,1
paksa masuk kerja pagi pulang malam buta hukum telat balas pesan menit paksa lepas alat kena sakit paksa kerja tidur kaki tangan hilang,Negatif,-1
kayak rame generalisasi baca sisi positif kutu loncat pindah posisi gaji,Negatif,-1
hindar ubah hidup takut stres ubah takut hindar puas frustrasi,Netral,0
rela alas usaha banget rumah gaji ongkos transpor rupiah sesal enak,Positif,1
real jalan mesin karyawan jalan mesin karyawan tinggal orang arti karyawan pegang gaji,Positif,1
teman kakak rekrut posisi kerja bikin gaji kakak nyata gaji beda kakak segi gaji fasilitas beda akomodasi tiket cuti tanggung usaha,Negatif,-1
kerja lingkung sehat manusiawi kompeten lokasi jangkau transportasi publik rumah cuti cuti gaji over rendah amin,Netral,0
percaya percaya orang stres kerja kerja berat lingkung rekan kerja jahat,Netral,0
geng mari cari kerja tinggal kerja jahat atus jawat kosong tinggal,Negatif,-1
jahat besok,Negatif,-1
kerja jahat jalan hidup hasil,Netral,0
alas urgen tawar jahat kerja orang loyal terima usaha kutu loncat,Negatif,-1
jahat kerja stop bawang negatif stop dengar orang bawang takut bawang stop cari salah orang bantu,Negatif,-1
kerja jahat rubah darah daging pilih,Negatif,-1
sangka lingkung jahat jatuh karya hidup puji melulu ujung sehat nyaman malas kembang mesti imbang,Negatif,-1
kerja suka duka beban kerja kolega gampang kabur kerikil permisif cari jahat salah ambil cuti salah,Negatif,-1
saban kantor toksik tongseng jahat ciri ciri,Negatif,-1
jahat kerja stop bawang start negatif stop dengar orang bawang takut bawang stop cari salah orang bantu stop orang,Negatif,-1
jahat hubung kontrol pasang sulit dukung curiga kekang bohong terima keras fisik love,Netral,0
mesti sorang stres jahat gaji sikit orang kerja,Negatif,-1
jahat bahaya jiwa bahaya pikir cepat hakim orang jahat ajar sadar hakim orang sadar kadang hakim cermin gulat batin,Negatif,-1
jahat hindar hubung jahat teman jahat moga hindar jahat,Negatif,-1
lihat orang kerja jahat kapai korporat kantor dengar prinsip orang kerja mental enak orang kayak orang kayak erti,Negatif,-1
orang lihat asil lihat ruang lingkup kerja pribadi ruang lingkup kembang bayang ruang lingkup jahat maju pikir otak selesai,Negatif,-1
jahat,Negatif,-1
cari harga lingkung kerja jahat parah zona khawatir gaji orang gaji orang rezeki,Negatif,-1
orang lulus potensi orang letak kerja letak jahat jahat,Netral,0
bawang salah jahat kerja jenis suka puak bawang benda asing orang,Negatif,-1
jahat benda orang cari salah kena kena hina benda alhamdulillah hidup tenang harap kekal kenal jahat,Negatif,-1
mending tahan lingkung jahat bentar lihat kayak kasihan kerja lingkung jahat capek fisik mental,Negatif,-1
kawan sekolah jahat kerja jumpa perangai orang nilai kerja sentuh masuk kalut,Negatif,-1
jahat,Negatif,-1
cari makan situ periuk nasi suka kerja tutup mulut kerja jahat berat hidup gampang,Negatif,-1
jahat besok,Negatif,-1
capek banget ayah mama erti bilang anak kerja anak jahat hati enak kerja,Negatif,-1
susah cari kerja kena teruk kerja teruk penuh jahat kesah pendek kerja teruk,Negatif,-1
asli jahat gosip main perang dingin petinggi kuasa salah manager main tulis bismillah tamat hormat,Negatif,-1
teman kerja kerja minggu kirim surat undur grup banget habis maki grup langsung kirim surat jahat banget suka maki karyawan grup,Netral,0
orang jahat omong suka bikin sakit jahat talk,Negatif,-1
lingkung jahat lingkung jahat jahat,Negatif,-1
ajar hindar kejar sisi buruk jahat malas rajin sisi buruk rajin istirahat kerja korban sehat wajar,Negatif,-1
selamat semangat moga kerja kabar bahagia kerja juang tahan jahat semangat,Positif,1
takut banget utang bayar kerja jahat banget aspek,Negatif,-1
orang tahan hidup lingkung kerja jahat posisi gila,Negatif,-1
tanda kerja jahat kerja lupus bahan jahat,Negatif,-1
stres kerja situ fikir duit kalis jahat stres baca seronok kerja,Negatif,-1
susah kerja jahat gila babi,Negatif,-1
psikolog jahat orang dampak buruk orang kategori jahat orang orang jahat,Negatif,-1
hadap kerja jahat,Negatif,-1
malas banget jaman sekolah kuliah ketemu kelompok teman jahat kerja ketemu teman gejala arah jahat biar sayang,Negatif,-1
gaji sesuai harap kerja jahat gaji kerja nyaman,Positif,1
kali rasai kerja jahat banget,Positif,1
kerja jahat kadang cari kerja susah tabung harap hadap anak allah pengin teriak,Negatif,-1
sampah kerja jahat situ,Negatif,-1
sinar jahat kerja,Negatif,-1
kerja jahat ekosistem keras kepala rugi mending cari laku aktivitas peluang jujur usaha pintu buka,Negatif,-1
pandang angkat kaki kerja kerja sakit badan orang cari salah suasana jahat angkat kaki,Negatif,-1
nama jahat niat untung butuh orang terima dukung balut,Netral,0
januari selesai teman kerja enak kerja manajer jahat banget laku payah,Netral,0
rasai jahat kerja,Netral,0
jahat kama plan mental wiki sasa drip jahat pesa,Negatif,-1
kerja jahat,Negatif,-1
manusia kerja tahi level jahat,Negatif,-1
alhamdulillah sekian tahan kerja jahat potong kerja gaji hidup real,Netral,0
lepas henti kerja alami tekan peringkat halau buang kerja hidup kerja penuh manusia jahat paksa,Negatif,-1
nekad jahat teman kantor suportif kerja budak sistem kantor hancur hasil kesel uang kantor tolong,Negatif,-1
suka orang umbar kerja jahat clear ungkit,Negatif,-1
coba jahat kerja,Negatif,-1
bismillah allah lancar moga kerja jahat,Positif,1
pilih tahan kerja jahat tawar enak suka hidup,Negatif,-1
orang ajar situ omong jahat orang pikir positif situ omong jahat hidup hidup jalan ganggu,Negatif,-1
kerja negatif marah malas pergi kerja kerja teruk kaki bawang kipas gaji kaki bawang ubah perangai orang kerja,Negatif,-1
tuhan orang orang jahat kerja,Netral,0
abih baran layan perangai jahat sorang kerja,Negatif,-1
jahat petrol mimi supervisor kama mimi uniform,Negatif,-1
fikir kerja gaji suasana kerja kerja jenis jahat jenis takboleh kerjasama orang kepala auto kerja malas kerja,Netral,0
tuju jatuh jahat jaman orang bangga sibuk tidur kayak langgeng jahat,Negatif,-1
anak anak kuliah magang jahat banget anjir ambis,Negatif,-1
bebas kerja jahat,Negatif,-1
rugi tahan jahat kerja orang kerja kering,Negatif,-1
teman jahat kerja,Negatif,-1
sangka jumpa orang jahat kerja alhamdulillah tenang sikit,Negatif,-1
kerja jahat nyata badan,Negatif,-1
sadar teman kerja jahat,Negatif,-1
betah kerja jahat,Negatif,-1
kena hadap jahat kerja,Negatif,-1
semangat dikit kerja enak teman jahat tinggal,Negatif,-1
lingkung kerja jahat kerja lihat hasil kerja apresiasi,Positif,1
kerja jahat jahat tahan rejeki kasih aset nyaman partner kerja enak kayak keluarga aset nyaman ambil lemah,Negatif,-1
ubah sikap persepsi rekan kerja jahat kejap butuh adaptasi sesuai paham ketimbang pusing fokus kerja,Netral,0
kali kerja langsung kerja lingkung kerja jahat minggu kerja nyaman bilang langsung bawa surat,Positif,1
jaga sehat mental kerja jahat rekan kerja cari muka kopet auto debet gagas,Negatif,-1
kerja jahat banget manajemen lingkung urang banget kayak berat renti sumpah capek banget mental mending,Netral,0
kerja orang jahat mending mundur tahan lingkung kerja sehat,Negatif,-1
kerja jahat level kerja,Negatif,-1
kerja jahat pamit kasih,Netral,0
ketemu orang ambis jahat sekolah kampus kerja coba,Positif,1
suasana kantor enak jahat rekan kerja tahan butuh duit pahit,Negatif,-1
gaji digit rambut rontok bolak psikiater jahat bolak pabrik tidur fitnah teman kerja kerja katai kerja orang,Negatif,-1
capek orang jahat kerja keliling orang jahat,Negatif,-1
stres kerja stres jahat kerja,Negatif,-1
pengin kerja jahat paksa tahan capek,Negatif,-1
bimbang kerja jahat gaji masuk gaji,Negatif,-1
hasil kerja jahat lega banget adaptasi lingkung kerja bikin hela nafas,Positif,1
kali kali jahat jahat kerja sepele tahi bikin,Negatif,-1
cowok lulus kerja kerja bagus rada jahat kerja umur masuk,Negatif,-1
jahat grup grup muka suka teman,Negatif,-1
senang kerja sesuai rasai jahat kerja ketemu orang super enak banget kenal jahat ujung pilih rasai nyaman,Positif,1
kerja jahat parah,Negatif,-1
sumpah jahat banget kerja teman menang cerita,Netral,0
hilang sifat orang kenal selesai kayak habis kontrak kerja kontak teman nyaman langsung jahat,Netral,0
lagu cocok manusia jahat sebal kerja kesel,Netral,0
jahat kerja jahat pilih kasih kerja,Negatif,-1
nilai buah lingkung label jahat mesti introspeksi kali kali lihat salah orang orang emosi,Negatif,-1
bahaya banget saran grad kecuali jahat nama grad erti jahat kagak implisit omong jahat mudah identifikasi jarang,Negatif,-1
rumah jahat kerja jahat,Negatif,-1
jahat bikin salah perhati kelar diam,Negatif,-1
baca pasal jahat kerja bingo,Negatif,-1
jaman stres kerja jahat minggu surabaya senin kerja habis angkat koper start,Negatif,-1
semenjak jahat batas terima respon orang respon semangat bikin berat,Positif,1
orang jahat banget kerja risih anjir kayak,Negatif,-1
kerja petang malas kerja jahat semangat pergi kerja,Negatif,-1
tolong badan capek tidur kerja jahat sungguh kesan jalan usia,Negatif,-1
pengin asih semangat jahat cari kerja,Negatif,-1
mintak kerja kerja jahat,Negatif,-1
syukur banget kerja jahat gaji masuk main kerja kerja gaji tanggal tanggal gaji kasi kasih gila kasih,Negatif,-1
kerja hindar orang jahat kerja orang jahat,Negatif,-1
kerja lingkung jahat,Negatif,-1
pikir pikir orang orang jahat kerja,Negatif,-1
henti kerja lingkung sehat jahat moga tuhan yesus kasih kerja cepat amin,Netral,0
habis talk kerja sakit banget lihat mama tahan menang kerja jahat parah banjir banget cerita mama derita kerja situ,Positif,1
jahat kerja manager senior lembur kontribusi kerja efek bikin pengin lihat kerja,Netral,0
alami gaji sikit kerja kawan kerja gaji kerja kawan kerja jahat,Negatif,-1
kerja tengok orang ramai kerja jahat kerja jahat stres,Negatif,-1
alas kerja lingkung jahat lingkung bagus jahat bagus keteter rumah mahal over stres,Negatif,-1
banget bukti betapa jahat korban jahat mati katai,Negatif,-1
cerita orang suka gunung komen gemar telat alias ketua kali sumpah jahat bikin bego wajar suka,Negatif,-1
tolong hormat orang orang bang faham orang orang korek pasal orang jahat kerja,Negatif,-1
orang drama rasai lingkung jahat kerja kayak betah,Negatif,-1
cerita pasal jahat cerita awak kerja situ jahat tahan,Negatif,-1
jahat kerja,Negatif,-1
bawa nama ganggu performa kerja arti cocok musti cari lingkung sesuai lepas salah manusia bawa kolega jahat inti cocok jalan,Negatif,-1
penuh pasal kerja jahat faham,Negatif,-1
laku suasana kerja jahat orang kadang tuju,Positif,1
betapa jahat kerja orang kelakar,Negatif,-1
jahat orang orang,Negatif,-1
kasih orang rumus serah percaya orang sentimen pribadi orang tanda jahat,Negatif,-1
jahat kerja kerja kembang orang,Netral,0
cakap sorang kutuk jahat bodoh kerja orang staff jahat benci,Negatif,-1
seng lapang temu orang istilah lingkung jahat kerja laku,Positif,1
izin kerja betah kerja jahat,Negatif,-1
kerja kantor jahat suka deg-degan kerja,Negatif,-1
paksa kerja jahat bikin maju putus sedih,Negatif,-1
gaji lingkung enak kerja nyaman gaji nyaman baca jahat,Positif,1
definisi jahat konteks sepakbola arsenal main beli tiket tonton arsenal arsenal jahat,Negatif,-1
kerja admin gaji motor pakai operasional kerja jahat kali berangkat kerja menang patut saran,Negatif,-1
kerja pikir kerja jahat tunjang karir bingung cari susah pengin kabur banget asli tahan cari tinggal,Negatif,-1
duduk sorang adik duduk sepang start start sorang kerja jahat,Negatif,-1
kerja cari duit cari teman real artikel teman rekan kerja,Negatif,-1
rang orang jahat kerja kayak,Negatif,-1
urus mental sikit penat hadap orang jahat kerja,Negatif,-1
pribadi orang jahat jahat hubung pacar jujur teman jahat jahat,Negatif,-1
lelaki sayang kerja perempuan diam orang jahat percaya hati hitam jumpa syukur alhamdulillah,Positif,1
orang jahat fault sayang plus,Netral,0
orang mental anak kerja jahat anugerah orang,Negatif,-1
orang lingkung jahat kayak langkah percaya enak alam pribadi,Netral,0
kayak jahat orang paham konsep wajib keluarga orang konservatif takut anak pulang malam anak didik kayak,Negatif,-1
kerja jahat usaha cari kerja layan emosi tahan situ talk awak kerja bagus sentiasa,Negatif,-1
osis sekolah jahat banget pagi marah maki maki bina osis angkat sakit maag kambuh vertigo kambuh,Negatif,-1
jahat manusia kerja,Netral,0
definisi jahat mati suruh masuk kerja,Negatif,-1
oktober moga keluarga sehat ikhlas rela pergi lapang dada hadap moga orang jahat kerja amin,Positif,1
jenis kuat kipas orang jahat kerja,Negatif,-1
human sorang hidup email jahat,Negatif,-1
admin henti kerja zaman hilang kerja hilang akal gila kerja jahat henti span sakit tinggal,Negatif,-1
hadap jahat jahat orang manusia sempurna jahat orang kawal minda negatif,Negatif,-1
bahaya hubung jahat sadar rendah arti minder gampang asli harga hubung jahat,Negatif,-1
tengok kerja sumbang jahat baca habis pikir kerja kejut,Negatif,-1
stres kerja galas perangai setan orang kerja henti kerja rana stres orang jahat situ,Negatif,-1
laku racun guru sekolah hadap rekan kerja nyinyir gadget pribadi bawa bantu kontra rekan kerja bahas sekolah guru senior,Positif,1
kerja jahat penat mental tanda kerja jahat,Negatif,-1
kaget banget mantan senior salah gara orang jahat banget marah suka grup situ intern grafis kerja,Negatif,-1
kerja manajemen kantor kerja super jahat orang kerja kayak nilai valid,Negatif,-1
mulut perangai jahat kerja orang henti kerja jawat galas tuju,Negatif,-1
kena jahat kerja institusi sahaja kerja bidang kongsi,Negatif,-1
semangat abdi pamrih istilah jahat suka pakai kalimat tugas beban sumbangsih nkri penasaran khas kantor,Negatif,-1
jahat start orang,Negatif,-1
usaha nama rohmat orang jahat banget,Netral,0
kerja bilang suara bagus jahat banget,Netral,0
kerja senior lumayan jahat orang salah omong banget kayak dunia salah ciut kayak anak kucing takut salah orang,Negatif,-1
kongsi alam jahat hadap kerja,Negatif,-1
kerja rumah kawan jahat salah rezeki,Netral,0
baca ngeri nyata lingkung kantor cari alam uang teman bonus cerita jahat lingkung,Negatif,-1
cewek jahat halo alam kerja jalan saran,Netral,0
jahat mental tahan gaji orang,Negatif,-1
alam kantor laptop,Netral,0
jahat bagus tanda sadar laku manipulasi kerja kamus anak jaksel,Negatif,-1
nyata kerja ambil gaji pulang urus jahat sebal,Negatif,-1
jahat lingkung salah momen bambang suka macet rumah suka basa basi omong kali orang langsung biar kicep,Negatif,-1
jahat pindah pindah kantor,Negatif,-1
pegawai bank lihat target penuh tekan galak senioritas rekan kerja jahat kerja lembur pengin kerja,Positif,1
kantor lingkung jahat nama kerja jujur suka takut kondisi kayak cari kerja susah,Negatif,-1
jahat banget astaga kerja,Netral,0
nyata orang lingkung kerja jahat bayang parah cerita mbak nyata,Negatif,-1
makhluk jahat kerja muka,Netral,0
kerja kerja benda kali peras peras asyik stres letih benda marah,Negatif,-1
jahat jahat,Negatif,-1
salah kerja pilih cari duit nyaman cari ajar alam muda saran cari jahat,Negatif,-1
manager pakai jahat,Negatif,-1
salah tanda kerja jahat status cuti,Negatif,-1
solusi hadap lingkung kerja jahat solusi cari bagus cari lingkung kerja cocok gampang bekal,Netral,0
jahat bahaya jiwa bahaya pikir cepat hakim orang jahat ajar sadar hakim orang sadar kadang hakim cermin gulat batin,Negatif,-1
cari kerja jahat,Negatif,-1
kerja jahat angkat kaki pergi angkat kaki pergi,Positif,1
jahat banget kerja parah,Negatif,-1
lingkung jahat kerja,Negatif,-1
kesel banget mbak bikin kerja jahat sadar laku bikin nyaman,Netral,0
pilih lingkung kayak kantor lingkung suportif super jahat laku kondisi,Negatif,-1
kerja ketemu orang orang jahat,Netral,0
kerja lihat jahat,Netral,0
bismillah kerja jahat,Netral,0
jahat banget kerja anjing,Negatif,-1
seram banget nyata teman kantor jahat kantor langsung komen,Netral,0
jahat kerja,Negatif,-1
jahat banget kerja anjir,Netral,0
tolong kerja jahat,Negatif,-1
jahat,Negatif,-1
banget hidup lingkung jahat kerja,Netral,0
orang jahat kerja,Negatif,-1
kerja jahat cakap benda rumah,Netral,0
jahat kerja,Negatif,-1
start selesa kerja jahat,Netral,0
kerja posisi anak proses suami bangun rumah kerja jahat banget cari kerja susah anak,Negatif,-1
jahat kerja,Negatif,-1
minggat kerja jahat,Negatif,-1
tendang biru tendang kerja jahat tahan,Negatif,-1
senang kena kerja jahat sedih duit hasil kerja,Negatif,-1
kerja jahat tahan,Negatif,-1
kerja jahat banget kayak asem manis,Negatif,-1
stres kerja kerja perangai kerja jahat salah punca henti kerja mental ganggu,Negatif,-1
kerja lampau jahat penat,Negatif,-1
kerja kerja jahat cepat penat penat perangai manusia,Netral,0
bilang kerja jahat jahat sender pengin introspeksi masuk enak bikin ribet asli,Negatif,-1
jahat titik capek hubung kembang alias situasi sisa tuduh kali ribut sayang egois dominasi hubung putus masuk,Negatif,-1
jahat jerat jahat kasih masuk tahan hubung hubung nyata,Negatif,-1
kerja jahat,Negatif,-1
bantu bimbang banget jujur alas pengin kerja nalar manusia,Positif,1
lingkung kerja jahat alur bikin pengin tahan kesan sindir mari teman,Negatif,-1
kayak kerja jahat bikin trauma banget kerja takut bawa takut ulang,Negatif,-1
teman cerita cerita kerja jahat pindah jahat,Negatif,-1
kerja jahat tahan bentar moga rejeki,Positif,1
kerja jahat cari kerja,Negatif,-1
sikap jahat lingkung pengaruh kerja keluarga keluarga lingkung kerja mental jahat jaga arus racun,Negatif,-1
moga sponsor lancar kerja lingkung jahat amin,Positif,1
kerja jahat moga lingkung jahat mata banget sisa cari lingkung,Negatif,-1
capek banget orang orang jahat kerja,Netral,0
kerja jahat,Negatif,-1
amit usaha nyata jahat lihat dampak performa kerja efek sakit igau kerja tidur pikir negatif kompromi sehat nomor,Negatif,-1
jahat kerja,Negatif,-1
jahat kerja,Negatif,-1
kerja jahat banget,Netral,0
salah salah manusia jahat kerja laku,Negatif,-1
mental kondisi kerja jahat kerja sesuai desk kerja hancur orang keluarga orang posisi waras mental hidup keras tuhan,Positif,1
lingkung orang jahat lingkung rumah kerja keluarga beliau turun dunia imbang hidup,Netral,0
mulut jahat senior buli junior kerja jahat lari kerja arab,Negatif,-1
ketemu orang orang kerja lupa kerja jahat,Netral,0
bayang dedikasi antri bpjs kerja jahat level,Netral,0
pengin kerja dilema orang orang capek kerja jahat,Negatif,-1
kerja jahat,Negatif,-1
jahat,Negatif,-1
kerja jahat,Negatif,-1
biar kerja anak magang banget salah dikit bilang baperan cerita kantor jahat banget kontrak,Negatif,-1
sumpah kerja jahat banget pulang curhat info,Negatif,-1
kerja jahat gaji rezeki,Netral,0
keluarga jahat pasang jahat kerja jahat jahat orang,Negatif,-1
hidup lingkung jahat kerja,Negatif,-1
kerja lingkung jahat pelangi pengin banget sembuh lamar kerja tolak pikir pasang kayak orang jahat jahat,Negatif,-1
jahat kerja,Negatif,-1
kerja jahat sabar jela fikir,Netral,0
keluh kesah utama jahat kerja sadar lingkung kerja jahat,Negatif,-1
suka uang jahat bodo ganti duli sesuai kontrak kerja lingkung kerja asyik gaji libur bagus paket,Positif,1
nyaman kerja jahat pengin menang,Netral,0
kayak paruh stres menang sedih sakit stres skripsi putus cinta operasi usus buntu tinggal nenek tinggal stres kerja jahat,Negatif,-1
penat kena hadap jahat kerja,Negatif,-1
suka heran jahat kerja tinggal bilang sulit kerja,Negatif,-1
kuat bawa kerja sebel jahat kerja malas,Negatif,-1
bikin jahat kerja person real ampun,Netral,0
bingung standar jahat orang saran maksud mental pasuk lembur biar sangon,Negatif,-1
kerja keras binatang kerja keras peras keras suruh kerja jahat,Negatif,-1
kerja jahat kerja alhamdulillah,Netral,0
kerja mesti jahat situ pikir kali,Negatif,-1
contoh hubung jahat cewek agens fandom profit bikin rugi utang agens induk kalah agens,Negatif,-1
curhat trauma kerja gara-gara rekan kerja jahat trauma efek kerja besok kerja percaya banget,Positif,1
lucu banget kerja dukung cari kerja bagus jahat banget semangat rekomendasi kerja,Positif,1
telusur bayar lingkung kerja jahat bagus paksa tahan keburu depresi anak orang,Negatif,-1
mental rusak banget jahat,Netral,0
kawan intern jumpa menang cerita jahat intern orang kerja pakai selidik habis melulu putus sesal,Negatif,-1
salah budaya jahat orang indonesia urus hidup pribadi orang netizen perang komentar bela selebgram kait hidup biar keluarga,Negatif,-1
jahat kerja masuk akal rela begadang kerja libur saing rekan kerja kasihan kerja efektif sesuai lihat malas,Netral,0
level staff pergi toilet kena lepas tender mental jahat,Negatif,-1
september kemarin jahat kerja kantor kantor senang banget banget banget menang,Positif,1
kerja negatif marah malas pergi kerja kerja teruk kaki bawang kipas susah gaji,Negatif,-1
jahat kepala jahat alam,Negatif,-1
contoh jahat patut wujud tengok jepun ajar berdikari bina jati,Netral,0
lingkung jahat tinggal tahan alas enak sehat hidup bego,Negatif,-1
dunia kerja utuh berangkat kerja pagi kantin kantor coba survey kota pusat kabupaten bekas,Negatif,-1
nama jahat orang capek sedih kesal kali tuju kerja berat banget gila kuat banget tepar,Netral,0
tanda kerja verbal normal manager amik janji mungkir orang ambil kredit kerja ramai orang tipu staff senyum pilih kasih,Negatif,-1
salah juang tahan hidup singkat cerita masuk jahat bilang kerja tolong,Negatif,-1
sindir sindir jahat jahat kaca banget kerja enak suruh kerja biar proses banget kerja jahat jahat jahat,Negatif,-1
orang kerja letih sedih stres kerja jahat cari marah cakap,Negatif,-1
capek banget anjing pasang topeng kerja jahat,Netral,0
tahan tahan kerja jahat,Negatif,-1
sedih kerja jahat sedih sangka manusia rupa perangai jangka dahsyat sakit orang balas akhirat,Negatif,-1
berat banget berangkat kerja kayak malas malas orang lingkung kerja jahat banget,Negatif,-1
pergi kerja kerja jahat sumpah sedih orang sanggup mudah suami bakar semangat bahagia lepas bodoh,Negatif,-1
habis kerja rekan jahat,Negatif,-1
suami kerja start jahat jahat,Negatif,-1
cewek sender habis kontrak lega lingkung kerja jahat sender biar sisi pikir sender pusing sender tulang punggung keluarga,Negatif,-1
kerja jahat cuti cuti adek kena orang,Negatif,-1
kerja jahat henti payah,Negatif,-1
wujud kerja jahat langsung jahat takut kandang buaya masuk kandang harimau,Negatif,-1
stres kerja kerja perangai kerja jahat salah punca henti kerja mental ganggu,Negatif,-1
baca gambar lepas habis intern masuk kerja start nyepi tahan kerja jahat,Negatif,-1
seru kerja jahat gaji lumayan orang jahat kerja lawan tantang langsung kicep,Negatif,-1
ajar banget hidup betapa orang kadang sadar kerja jahat jarak umur paut temu lingkung kayak keluarga,Positif,1
orang tukar kerja stres kerja jahat patut seronok tahi tuduh,Negatif,-1
terima kasih sedia wawas orang alami jahat paham alam golong paksa perhati milik,Netral,0
tips hadap orang jahat kerja jahat perangai karut cakap faktor usia,Negatif,-1
kuliah farmasi kerja jahat,Negatif,-1
sender pengin banget sembuh sender tolak pikir pasang inti jahat pasang kerja pasang,Positif,1
semenjak ketemu orang tulus hidup sosial lingkup personal profesional asia jahat banget komen respon bentuk bumbu,Positif,1
rasai nama kerja zona nyaman jahat kerja jahat teman kerja jahat kayak rasai,Negatif,-1
jahat gaji lampau sikit bonus kerah tenaga langsung bayar kena tahan maki rumah,Negatif,-1
jahat gaul jahat pandai gaul suka cerita buruk orang lepas pilih kasih kerja long kerja,Negatif,-1
omong kerja jahat teman jahat lingkung jahat mending kaca omong jahat orang semangat pagi,Negatif,-1
lingkung kerja pengaruh harap cari alam gaji lingkung kerja jahat omong lingkung kerja cibir,Negatif,-1
arti usaha bilang jahat staff pakai jalur rekan kerja lihat situ coba bokap bokap tegur suka,Netral,0
gampang anak kakak anggur adik lulus orang pensiun kerja jahat,Negatif,-1
buram maksud lingkung kerja jahat kayak kayak kerja marah normal,Negatif,-1
umur jahat kerja,Negatif,-1
definisi stres toksik laku usia tekan henti sokong patut jaga intervensi lang alam dewasa,Positif,1
kerja jahat plus kapai,Netral,0
pengin coba takut salah ambil putus kuat jahat banget usaha keluarga milik keluarga milik rasai susah keluarga notabene jilat kerja,Negatif,-1
dunia kerja orang kali kali beda bela lingkung jahat rekan kerja jahat kayak,Negatif,-1
orang stres kerja rana tugas galas rana perangai setan orang kerja orang henti kerja stres orang keliling jahat,Negatif,-1
jahat diam orang bikin bikin cermin biar kalah sakit egois kayak cermin,Negatif,-1
jahat mudah percaya anggap orang,Netral,0
kerja orang bahagia kerja orang suka geng orang puak orang layan orang tegur tegur orang diam diam gaji bahagia jahat orang drama,Negatif,-1
video orang bilang lingkung jahat balas video beliau jahat kasihan mbak pepatah pandu,Negatif,-1
nyata lingkung kerja jahat alas beliau cocok usaha fokus studi kontrak wajar hitung,Positif,1
kerja jahat pilih diam tahan jahat kejam takut jahat gali rahasia hidup senjata,Negatif,-1
tanda kerja budaya jahat kelompok start kelompok mesti gosip jalan pokok goyang angin,Negatif,-1
jahat,Negatif,-1
selesai cerdas komunikasi wajar emosi sayang dewa kerja orang pintar jahat,Negatif,-1
semangat coba cuek balas prestasi kerja ambil hati lingkung kerja jahat karir,Negatif,-1
pengin cari aman nyaman harga nyata jahat,Netral,0
jahat diam malas gaduh over over,Negatif,-1
episode jahat,Negatif,-1
kantor jahat rupa rejeki terkadang kantor jahat kembang cocok kerja pulang ambil gaji,Positif,1
kerja takut jahat orang inkompeten usaha bedak julid tinggal cabut kerja sampah kerja inkompeten tukang julid,Negatif,-1
sadar kantor jahat suka bilang keluarga,Negatif,-1
sikap toleh bagus lepas jahat tinggal kerja jahat bagus amal sikap lepas toilet orang bayar hasil,Netral,0
perangai orang jahat kerja selesa,Netral,0
jahat jenis cepat risau over fikir orang talk,Negatif,-1
orang perihal teman kantor jahat tinggal nyata gampang ketemu sindir stres banget anjir stres,Negatif,-1
jahat izin jahat masuk hidup,Negatif,-1
over late gaji kota panggar,Negatif,-1
salah ciri pasang jahat laku keras fisik verbal surup hajar ampun maaf menang kayak budak tuan pasang luluh maaf siklus ulang,Negatif,-1
dunia dokter jahat normalisasi suka dengar cerita dokter residen suruh butuh salah guru,Negatif,-1
drop alas jahat jahat drop etis versi terima kasih,Negatif,-1
nyata jahat tahan kerja dapur segala-galanya kerja kondisi untung minimal uang,Negatif,-1
jahat jahat,Negatif,-1
bilik lipas kena marah jahat,Negatif,-1
jahat,Negatif,-1
jahat,Negatif,-1
cewek sedih jahat minggu bilang kerja beban rekan kerja sindir salah kerja rekan kerja senior ajar,Negatif,-1
cerita kali masuk kerja manager sayang kompetensi jahat,Negatif,-1
kerja cakap orang jahat masuk kerja cakap orang dengki masuk cakap problem cakap problem problem,Negatif,-1
were jahat tekan takut hilang bebas harga pribadi positif,Netral,0
nama jahat busuk buang paksa genggam harap busuk manfaat kedok hikmah racun racun buang rugi,Negatif,-1
jahat kerja vendor vendor banget,Netral,0
punca kerja kerja kerja timpal gaji kena tanggungjawab silap staff alam percaya kerja kerja bagus pangkat drama,Netral,0
jahat orang personal,Negatif,-1
kerja jahat,Negatif,-1
jahat,Negatif,-1
habis tolak alas nasib omset cabang pegang sender capek banget cabang penuh orang jahat gaji pokok sender omset,Negatif,-1
kerja jahat,Negatif,-1
kerja jahat lingkung jahat,Negatif,-1
bahaya banget jahat anggap pasang laki anak laki jahat kasar pasang laki bela anak salah pasang,Negatif,-1
kerja kerja jahat capek banget,Netral,0
kerja jahat banget anjing,Negatif,-1
kantor lihat jahat,Netral,0
sehat paham batas komunikasi niat jahat protes kekang serang refleksi hormat butuh,Negatif,-1
nasihat kerja jenis jahat orang puji kosong asyik kritik orang salah mata salah orang,Negatif,-1
jenis jahat kerja tarikh gaji kerja bayar kerja sebar ambil elak rapat golong,Negatif,-1
dunia kerja lari jahat kawan kerja gila kawan kerja kawan kerja gaji sikit,Negatif,-1
bahaya hubung jahat sadar rendah arti percaya asli harga hubung jahat,Netral,0
orang jahat kayak lihat tenang salah cari celah langkah laku salah mata gerak alas,Negatif,-1
tanda tanda kerja jahat kerja tukar tukar cakap susah mintak cuti kena perli teruk buli orang kredit kerja orang jahat,Negatif,-1
stop jahat kerja positif sehat layak harga kerja,Positif,1
jahat mahasiswa pola pikir kayak bocah mahasiswa malas kontribusi kerja kelompok suka cari musuh balas sengak,Negatif,-1
usaha jahat keluarga,Negatif,-1
tanda lingkung kerja jahat stres berangkat kerja takut interaksi rekan kerja remeh harga sehat mental fisik ganggu kucil,Negatif,-1
alas teman jahat bilang ketemu teman cocok arti langsung,Positif,1
jahat kerja stop bawang start negatif stop dengar orang bawang takut bawang stop cari salah orang bantu stop orang,Negatif,-1
atur buah usaha debat kerja korea selatan usaha korea bikin atur kerja kantor pagi sore karyawan smoking menit,Positif,1
sumpah kayak lihat kerja jahat bikin stres harap,Negatif,-1
jenis jahat kerja tarikh gaji kerja bayar kerja sebar ambil elak rapat golong,Negatif,-1
normalisasi lembur bayar karyawan suka drama nyinyir jahat mampus kantor kerja,Negatif,-1
salah bahaya hubung jahat sadar rendah rendah arti minder mudah harga hubung jahat,Negatif,-1
kerja manager kerja masuk aspek keluarga sehat teman spiritual akar manager jahat bahas alas,Negatif,-1
tongkrong jahat tinggal entar jahat contoh orang teman ketemu omong bisnis omong mantan sambung,Negatif,-1
kerja sempurna kadang kerja stres kadang kerja kadang kerja jenis kuat royan pasal,Positif,1
lingkung kerja jahat gaji lingkung kerja jahat teman kerja,Negatif,-1
kena tengok cakap duduk orang kerja over orang kadang jahat kerja asah adab ajar,Negatif,-1
sifat pasang potensi jahat malas usaha konsisten kerja kontrol emosi orang luka uang bijak,Negatif,-1
jahat suka jaga tepi kain staff layan suruh orang kerja personal,Negatif,-1
senang pindah kerja kali skala usaha arti ketemu orang jahat jilat tukang cuman beda muka lingkung positif relatif pilih gaji,Negatif,-1
kerja orang dikit jahat kapai kerja were dengar tantang bangga hasil selesai bikin tipes,Netral,0
pikir kerja jahat bikin fokus turun produktivitas sepele salah,Negatif,-1
kerja jahat cari validasi teman kerja keluarga bawa arus kerja sesuai desk pulang pulang kepo urus orang terap prinsip kerja pulang ambil,Negatif,-1
teman jahat jatuh kuliah kerja,Negatif,-1
pilih rasai kerja lingkung jahat capek kerja,Negatif,-1
tanda kerja bikin putus ajar pimpin alami mental kerja jahat,Negatif,-1
kerja negatif marah malas pergi kerja kerja teruk kaki bawang kipas gaji kaki bawang ubah perangai orang kerja,Negatif,-1
lingkung kerja jahat habis tiktok,Negatif,-1
kerja fokus lingkung jahat drama alam pahit ajar lingkung kerja dukung tantang tahan mental,Negatif,-1
makan siang cerita kerja jahat alamin cerita seru kasih,Negatif,-1
bilang kantor jahat,Negatif,-1
paham banget orang tahan kerja jahat cari kerja susah kudu kerja pakai november kerja juli stres,Negatif,-1
pengin ijazah kerja jahat tahan lulus kuliah pura capek maaf curhat dikit orang cuman senyum,Negatif,-1
keluarga beranta cinta gagal kerja jahat indah capek butuh istirahat butuh rumah butuh singgah,Negatif,-1
kerja kantor jahat,Negatif,-1
istirahat kerja jahat parah istirahat,Negatif,-1
pilih gaji juta kantor nyaman jenjang karir gaji juta kantor jahat jenjang karir gaji juta kerja negeri libur,Positif,1
allah rencana nyata putus orang allah balas kasih orang sayang banget kerja ketemu orang jahat kerja alhamdulillah banget,Positif,1
pilih lingkung kerja jahat gaji keluarga lingkung kerja jahat gaji sepi teman,Negatif,-1
teman jahat jatuh kuliah kerja,Negatif,-1
niat motor beli motor mudah anak sekolah niat kerja harap allah jahat person jahat kerja jujur allah penat,Netral,0
lingkung kerja jahat kerja kerja orang cewek sakit jiwa,Negatif,-1
orang jahat egois suka cemburu sikap kasar nilai buruk suka manipulasi manfaat orang suka salah salah orang,Negatif,-1
masuk lingkung jahat banding,Negatif,-1
lingkung kerja olah nikel rokok sedia langgar fatal langsung pecat bawa atur kejam urus pilih mati selamat,Negatif,-1
heran banget lingkung kerja panas jahat kadang atur senior tahi anjing kesel banget orang kayak cari duit lagak gaji songong,Negatif,-1
salah jahat rapat sesuai arah,Negatif,-1
kebelet pengin nyata tekan batin kerja jahat banding stres rumah kondisi,Negatif,-1
habis lebaran kerja kerja manusia kerja nyaman jahat positif zona admin gudang coba,Positif,1
mami licia pulang kerja jahat ikhlas hati ikhlas bulat,Netral,0
orang betah kerja jahat lembur gaji kerja ikhlas anjir kayak gaji bikin kayak ikhlas pulang malam nama,Negatif,-1
jahat kerja harap anak kena teruk,Negatif,-1
kerja jahat betah kerja teman banget kerja kerja bikin betah baca nabi yunus,Positif,1
kayak kerja jahat,Negatif,-1
pengin keluh orang kerja jahat habis,Negatif,-1
coba kerja lingkung jahat kerja allah amin,Netral,0
rindu duduk allah situ jahat kerja,Netral,0
jahat kerja,Negatif,-1
lingkung kerja jahat omong orang cari salah orang goreng informasi asumsi jelek orang goreng informasi sesuai fakta,Negatif,-1
allah capek banget jahat manipulatif kerja,Positif,1
tetangga jahat singgung orang gosip kena fitnah jelek hati lihat orang sukses kayak fitnah miskin hina,Negatif,-1
jahat jahat jujur hidup dasar ragu tinggal bawa pengaruh,Negatif,-1
sorok bodoh kerja kerja bagus kerja kerja putus amal jahat,Netral,0
orang jahat egois suka cemburu sikap kasar nilai buruk suka manipulasi manfaat orang suka salah salah orang,Negatif,-1
anak jaman ajar beda kerja jahat lihat wajar asumsi justifikasi performa bikin salah kantor,Negatif,-1
kesi jahat lantak orang sorang sorang person,Negatif,-1
gilir sakit paksa kerja apresiasi bilang maaf himpun jahat mending bubar,Negatif,-1
jahat japri marah grup kantor orang wenang diam,Negatif,-1
kerja jahat menat plus mulut cika suka orang suka ampu habis nama buruk orang,Negatif,-1
pilih kantor lingkung jahat biar adil jahat rugi kesel cari muka maksud orang,Negatif,-1
kasih gaji ganti orang jahat yayasan utang tinggal suami,Negatif,-1
kerja negatif marah malas pergi kerja kerja teruk kaki bawang kipas gaji kaki bawang ubah perangai orang kerja,Negatif,-1
pegawai bagus alias jahat terima kerja besok ajar kayak timbang,Netral,0
cerita kerja manila rapat minggu zoom manila kantor muak banget rapat cabut listrik kantor biar rapat putus maaf mati lampu,Positif,1
jahat potensi langgar ketenagakerjaan orang jaman demo mati biar buruh kerja zaman,Negatif,-1
ayah negeri bikin stres mental kena banget kerja lingkung jahat orang rumah mental,Negatif,-1
stres kerja jahat kerja kerja tahan kerja orang orang reng,Negatif,-1
lingkung rekan kerja jahat dukung kembang ambil keluarga harap perfek kerja lumayan,Netral,0
tinggal kerja jahat gaji bayar,Negatif,-1
banget aura atmosfer kerja jahat kangen bareng kadang bilang capek bingung bilang,Positif,1
moga jebak jahat kerja,Netral,0
sadar penuh pribadi zona jahat kerja orang mending mending sehat lepas tahap alhamdulillah allah,Netral,0
kerja bikin tekan capek fisik capek mental capek banget kerja kerja jahat ganti karir nyonya nyonya nyonya,Netral,0
tegur sentap kerja jahat cari nafas keluh sedih bengang stres rungut ketul,Negatif,-1
sakit kerja jahat sakit kerja tahan menang rumah muak banget menang mati kali,Negatif,-1
kerja jahat hilang masuk manajer kasih saran biar obrol pegawai sapa saran bilang peduli kemarin teman teman kerja,Negatif,-1
magang jahat kerja maksud alam kerja bidang stres kena mental stres depresi,Negatif,-1
lelaki jahat sepah kerja liar lelaki rumah tangga jahat bincang laki bini bawa masuk kerja,Negatif,-1
kerja cari kerja kerja jahat gaji jahat tahan,Negatif,-1
senin ketemu jahat drama kerja lingkung gaji sesuai masuk akal amin,Negatif,-1
nyata lingkung kerja jahat banget,Netral,0
kalah kerja jahat pelit kerja pelit jahat korupsi senior kerja bocah,Negatif,-1
cari kerja kerja sistem lingkung lumayan jahat gaji telat,Negatif,-1
teman kerja kayak cepat kerja takut kerja jahat ling kerja nyaman,Negatif,-1
sedih menang pisah kerja jahat parah nyaman bismillah panggil slot kosong,Negatif,-1
allah tolong orang orang jahat kerja,Netral,0
saran mending kerja jahat kuat,Negatif,-1
kerja jahat gaji adem ayem gaji,Negatif,-1
susah kerja jahat pengin renti butuh duit,Negatif,-1
allah moga kerja lingkung nyaman jahat kerja amin tolong mudah allah,Positif,1
kucil keluarga kerja jahat tipu rekan kerja putus juang fokus resin,Netral,0
bantu kerja jahat banget banget salah salah sepenuh dinamika partner bikin enek perut banget gara sayang uang,Netral,0
kerja gara-gara kerja jahat cari muka teman kerja kerja kayak kayak,Negatif,-1
hati badminton kasihan kerja jahat laku suka enak nyaman bikin suka biar jebak main,Netral,0
sadar lingkung kerja jahat jalan,Negatif,-1
kawan orang kerja limit orang jahat kawan langsung kawan kerja,Netral,0
cewek jahat katai rekan kerja balas kerja loker wajar abai orang kayak,Negatif,-1
bingung banget pilih jahat kerja,Negatif,-1
guru sertifikasi ajar rebut akibat suasana kerja jahat,Positif,1
jahat banget kerja,Netral,0
semenjak kerja jahat gampang sakit,Negatif,-1
staff jahat kerja stres,Negatif,-1
umur lulus kerja cari kerja jahat kerja umur lulus lihat cari gaji jakarta,Netral,0
kultur rumah sakit seringkali lebar relasi dokter awat bidan apoteker runyam dokter dokter apoteker resep obat cocok,Netral,0
jemput teman jahat minus kerja pagi malam lingkung palugada sesuai porsi,Negatif,-1
jahat,Negatif,-1
sabar kerja jahat,Netral,0
aduh kocak banget ketawa kantor kerja seru maaf trauma kerja jahat habis,Netral,0
kerja jahat bang pandai,Negatif,-1
kali lingkung kerja jahat surat,Negatif,-1
bilang jahat omong doang gampang orang rasai moga rasai lingkung kerja jahat kontrak kerja besok makan,Netral,0
bodo anjir bolos dasar kerja jahat sono mending,Negatif,-1
kasihan kantor jahat term tenaga kerja kantor salah jaga kantor nilai kantor jujur,Netral,0
kuna jahat kuna,Negatif,-1
cina jahat kerja orang kerja takut jahat rana takut kerja jahat orang muda,Negatif,-1
paksa masuk kerja pagi pulang malam buta hukum telat balas pesan menit paksa lepas alat kena sakit paksa kerja tidur kaki tangan hilang,Negatif,-1
jahat kwanza jahat bana,Negatif,-1
